guid,encoded_name,decoded_name,type,registry_path
{9E04CAB2-CC14-11DF-BB8C-A2F1DED72085},HRZR_PGYFRFFVBA,UEME_CTLSESSION,REG_BINARY,Software\Microsoft\Windows\CurrentVersion\Explorer\UserAssist\{9E04CAB2-CC14-11DF-BB8C-A2F1DED72085}\Count
{A3D53349-6E61-4557-8FC7-0028EDCEEBF6},HRZR_PGYFRFFVBA,UEME_CTLSESSION,REG_BINARY,Software\Microsoft\Windows\CurrentVersion\Explorer\UserAssist\{A3D53349-6E61-4557-8FC7-0028EDCEEBF6}\Count
{BCB48336-4DDD-48FF-BB0B-D3190DACB3E2},HRZR_PGYFRFFVBA,UEME_CTLSESSION,REG_BINARY,Software\Microsoft\Windows\CurrentVersion\Explorer\UserAssist\{BCB48336-4DDD-48FF-BB0B-D3190DACB3E2}\Count
{CAA59E3C-4792-41A5-9909-6A6A8D32490E},HRZR_PGYFRFFVBA,UEME_CTLSESSION,REG_BINARY,Software\Microsoft\Windows\CurrentVersion\Explorer\UserAssist\{CAA59E3C-4792-41A5-9909-6A6A8D32490E}\Count
{CEBFF5CD-ACE2-4F4F-9178-9926F41749EA},HRZR_PGYPHNPbhag:pgbe,UEME_CTLCUACount:ctor,REG_BINARY,Software\Microsoft\Windows\CurrentVersion\Explorer\UserAssist\{CEBFF5CD-ACE2-4F4F-9178-9926F41749EA}\Count
{CEBFF5CD-ACE2-4F4F-9178-9926F41749EA},Zvpebfbsg.JvaqbjfSrrqonpxUho_8jrxlo3q8oojr!Ncc,Microsoft.WindowsFeedbackHub_8wekyb3d8bbwe!App,REG_BINARY,Software\Microsoft\Windows\CurrentVersion\Explorer\UserAssist\{CEBFF5CD-ACE2-4F4F-9178-9926F41749EA}\Count
{CEBFF5CD-ACE2-4F4F-9178-9926F41749EA},HRZR_PGYFRFFVBA,UEME_CTLSESSION,REG_BINARY,Software\Microsoft\Windows\CurrentVersion\Explorer\UserAssist\{CEBFF5CD-ACE2-4F4F-9178-9926F41749EA}\Count
{CEBFF5CD-ACE2-4F4F-9178-9926F41749EA},Zvpebfbsg.ZvpebfbsgFgvpxlAbgrf_8jrxlo3q8oojr!Ncc,Microsoft.MicrosoftStickyNotes_8wekyb3d8bbwe!App,REG_BINARY,Software\Microsoft\Windows\CurrentVersion\Explorer\UserAssist\{CEBFF5CD-ACE2-4F4F-9178-9926F41749EA}\Count
{CEBFF5CD-ACE2-4F4F-9178-9926F41749EA},Zvpebfbsg.JvaqbjfPnyphyngbe_8jrxlo3q8oojr!Ncc,Microsoft.WindowsCalculator_8wekyb3d8bbwe!App,REG_BINARY,Software\Microsoft\Windows\CurrentVersion\Explorer\UserAssist\{CEBFF5CD-ACE2-4F4F-9178-9926F41749EA}\Count
{CEBFF5CD-ACE2-4F4F-9178-9926F41749EA},Zvpebfbsg.Cnvag_8jrxlo3q8oojr!Ncc,Microsoft.Paint_8wekyb3d8bbwe!App,REG_BINARY,Software\Microsoft\Windows\CurrentVersion\Explorer\UserAssist\{CEBFF5CD-ACE2-4F4F-9178-9926F41749EA}\Count
{CEBFF5CD-ACE2-4F4F-9178-9926F41749EA},Zvpebfbsg.JvaqbjfAbgrcnq_8jrxlo3q8oojr!Ncc,Microsoft.WindowsNotepad_8wekyb3d8bbwe!App,REG_BINARY,Software\Microsoft\Windows\CurrentVersion\Explorer\UserAssist\{CEBFF5CD-ACE2-4F4F-9178-9926F41749EA}\Count
{CEBFF5CD-ACE2-4F4F-9178-9926F41749EA},Zvpebfbsg.YbpxNcc_pj5a1u2gklrjl!JvaqbjfQrsnhygYbpxFperra,Microsoft.LockApp_cw5n1h2txyewy!WindowsDefaultLockScreen,REG_BINARY,Software\Microsoft\Windows\CurrentVersion\Explorer\UserAssist\{CEBFF5CD-ACE2-4F4F-9178-9926F41749EA}\Count
{CEBFF5CD-ACE2-4F4F-9178-9926F41749EA},jvaqbjf.vzzrefvirpbagebycnary_pj5a1u2gklrjl!zvpebfbsg.jvaqbjf.vzzrefvirpbagebycnary,windows.immersivecontrolpanel_cw5n1h2txyewy!microsoft.windows.immersivecontrolpanel,REG_BINARY,Software\Microsoft\Windows\CurrentVersion\Explorer\UserAssist\{CEBFF5CD-ACE2-4F4F-9178-9926F41749EA}\Count
{CEBFF5CD-ACE2-4F4F-9178-9926F41749EA},Zvpebfbsg.Jvaqbjf.Rkcybere,Microsoft.Windows.Explorer,REG_BINARY,Software\Microsoft\Windows\CurrentVersion\Explorer\UserAssist\{CEBFF5CD-ACE2-4F4F-9178-9926F41749EA}\Count
{CEBFF5CD-ACE2-4F4F-9178-9926F41749EA},ZvpebfbsgJvaqbjf.Pyvrag.POF_pj5a1u2gklrjl!PbegnanHV,MicrosoftWindows.Client.CBS_cw5n1h2txyewy!CortanaUI,REG_BINARY,Software\Microsoft\Windows\CurrentVersion\Explorer\UserAssist\{CEBFF5CD-ACE2-4F4F-9178-9926F41749EA}\Count
{CEBFF5CD-ACE2-4F4F-9178-9926F41749EA},{1NP14R77-02R7-4R5Q-O744-2RO1NR5198O7}\zfvasb32.rkr,{1AC14E77-02E7-4E5D-B744-2EB1AE5198B7}\msinfo32.exe,REG_BINARY,Software\Microsoft\Windows\CurrentVersion\Explorer\UserAssist\{CEBFF5CD-ACE2-4F4F-9178-9926F41749EA}\Count
{CEBFF5CD-ACE2-4F4F-9178-9926F41749EA},Zvpebfbsg.Jvaqbjf.Furyy.EhaQvnybt,Microsoft.Windows.Shell.RunDialog,REG_BINARY,Software\Microsoft\Windows\CurrentVersion\Explorer\UserAssist\{CEBFF5CD-ACE2-4F4F-9178-9926F41749EA}\Count
{CEBFF5CD-ACE2-4F4F-9178-9926F41749EA},{1NP14R77-02R7-4R5Q-O744-2RO1NR5198O7}\zzp.rkr,{1AC14E77-02E7-4E5D-B744-2EB1AE5198B7}\mmc.exe,REG_BINARY,Software\Microsoft\Windows\CurrentVersion\Explorer\UserAssist\{CEBFF5CD-ACE2-4F4F-9178-9926F41749EA}\Count
{CEBFF5CD-ACE2-4F4F-9178-9926F41749EA},{1NP14R77-02R7-4R5Q-O744-2RO1NR5198O7}\PbzcZtzgYnhapure.rkr,{1AC14E77-02E7-4E5D-B744-2EB1AE5198B7}\CompMgmtLauncher.exe,REG_BINARY,Software\Microsoft\Windows\CurrentVersion\Explorer\UserAssist\{CEBFF5CD-ACE2-4F4F-9178-9926F41749EA}\Count
{CEBFF5CD-ACE2-4F4F-9178-9926F41749EA},Zvpebfbsg.NhgbTrarengrq.{8NOQ94SO-R7Q6-84N6-N997-P918RQQR0NR5},Microsoft.AutoGenerated.{8ABD94FB-E7D6-84A6-A997-C918EDDE0AE5},REG_BINARY,Software\Microsoft\Windows\CurrentVersion\Explorer\UserAssist\{CEBFF5CD-ACE2-4F4F-9178-9926F41749EA}\Count
{CEBFF5CD-ACE2-4F4F-9178-9926F41749EA},ZFRqtr,MSEdge,REG_BINARY,Software\Microsoft\Windows\CurrentVersion\Explorer\UserAssist\{CEBFF5CD-ACE2-4F4F-9178-9926F41749EA}\Count
{CEBFF5CD-ACE2-4F4F-9178-9926F41749EA},P:\Hfref\Obff\Qbjaybnqf\Sversbk Vafgnyyre.rkr,C:\Users\Boss\Downloads\Firefox Installer.exe,REG_BINARY,Software\Microsoft\Windows\CurrentVersion\Explorer\UserAssist\{CEBFF5CD-ACE2-4F4F-9178-9926F41749EA}\Count
{CEBFF5CD-ACE2-4F4F-9178-9926F41749EA},P:\Hfref\Obff\NccQngn\Ybpny\Grzc\7mFP0PO3912\frghc-fgho.rkr,C:\Users\Boss\AppData\Local\Temp\7zSC0CB3912\setup-stub.exe,REG_BINARY,Software\Microsoft\Windows\CurrentVersion\Explorer\UserAssist\{CEBFF5CD-ACE2-4F4F-9178-9926F41749EA}\Count
{CEBFF5CD-ACE2-4F4F-9178-9926F41749EA},308046O0NS4N39PO,308046B0AF4A39CB,REG_BINARY,Software\Microsoft\Windows\CurrentVersion\Explorer\UserAssist\{CEBFF5CD-ACE2-4F4F-9178-9926F41749EA}\Count
{CEBFF5CD-ACE2-4F4F-9178-9926F41749EA},Zvpebfbsg.Jvaqbjf.FuryyRkcrevraprUbfg_pj5a1u2gklrjl!Ncc,Microsoft.Windows.ShellExperienceHost_cw5n1h2txyewy!App,REG_BINARY,Software\Microsoft\Windows\CurrentVersion\Explorer\UserAssist\{CEBFF5CD-ACE2-4F4F-9178-9926F41749EA}\Count
{CEBFF5CD-ACE2-4F4F-9178-9926F41749EA},Zvpebfbsg.Jvaqbjf.FgnegZrahRkcrevraprUbfg_pj5a1u2gklrjl!Ncc,Microsoft.Windows.StartMenuExperienceHost_cw5n1h2txyewy!App,REG_BINARY,Software\Microsoft\Windows\CurrentVersion\Explorer\UserAssist\{CEBFF5CD-ACE2-4F4F-9178-9926F41749EA}\Count
{CEBFF5CD-ACE2-4F4F-9178-9926F41749EA},Q:\Fbsgjnerf\jvaene-k64-540.rkr,D:\Softwares\winrar-x64-540.exe,REG_BINARY,Software\Microsoft\Windows\CurrentVersion\Explorer\UserAssist\{CEBFF5CD-ACE2-4F4F-9178-9926F41749EA}\Count
{CEBFF5CD-ACE2-4F4F-9178-9926F41749EA},Q:\Fbsgjnerf\Zvpebfbsg Bssvpr 2016 Cebsrffvbany Cyhf i16.0.4639.1000 (k86+k64) Znepu 2018 + Penpx [PenpxfAbj]\frghc.rkr,D:\Softwares\Microsoft Office 2016 Professional Plus v16.0.4639.1000 (x86+x64) March 2018 + Crack [CracksNow]\setup.exe,REG_BINARY,Software\Microsoft\Windows\CurrentVersion\Explorer\UserAssist\{CEBFF5CD-ACE2-4F4F-9178-9926F41749EA}\Count
{CEBFF5CD-ACE2-4F4F-9178-9926F41749EA},{1NP14R77-02R7-4R5Q-O744-2RO1NR5198O7}\pzq.rkr,{1AC14E77-02E7-4E5D-B744-2EB1AE5198B7}\cmd.exe,REG_BINARY,Software\Microsoft\Windows\CurrentVersion\Explorer\UserAssist\{CEBFF5CD-ACE2-4F4F-9178-9926F41749EA}\Count
{CEBFF5CD-ACE2-4F4F-9178-9926F41749EA},{1NP14R77-02R7-4R5Q-O744-2RO1NR5198O7}\JvaqbjfCbjreFuryy\i1.0\cbjrefuryy.rkr,{1AC14E77-02E7-4E5D-B744-2EB1AE5198B7}\WindowsPowerShell\v1.0\powershell.exe,REG_BINARY,Software\Microsoft\Windows\CurrentVersion\Explorer\UserAssist\{CEBFF5CD-ACE2-4F4F-9178-9926F41749EA}\Count
{CEBFF5CD-ACE2-4F4F-9178-9926F41749EA},Zvpebfbsg.JvaqbjfGrezvany_8jrxlo3q8oojr!Ncc,Microsoft.WindowsTerminal_8wekyb3d8bbwe!App,REG_BINARY,Software\Microsoft\Windows\CurrentVersion\Explorer\UserAssist\{CEBFF5CD-ACE2-4F4F-9178-9926F41749EA}\Count
{CEBFF5CD-ACE2-4F4F-9178-9926F41749EA},P:\Hfref\Obff\Qbjaybnqf\e04ne13j.rkr,C:\Users\Boss\Downloads\r04ar13w.exe,REG_BINARY,Software\Microsoft\Windows\CurrentVersion\Explorer\UserAssist\{CEBFF5CD-ACE2-4F4F-9178-9926F41749EA}\Count
{CEBFF5CD-ACE2-4F4F-9178-9926F41749EA},{1NP14R77-02R7-4R5Q-O744-2RO1NR5198O7}\ehaqyy32.rkr,{1AC14E77-02E7-4E5D-B744-2EB1AE5198B7}\rundll32.exe,REG_BINARY,Software\Microsoft\Windows\CurrentVersion\Explorer\UserAssist\{CEBFF5CD-ACE2-4F4F-9178-9926F41749EA}\Count
{CEBFF5CD-ACE2-4F4F-9178-9926F41749EA},{S38OS404-1Q43-42S2-9305-67QR0O28SP23}\rkcybere.rkr,{F38BF404-1D43-42F2-9305-67DE0B28FC23}\explorer.exe,REG_BINARY,Software\Microsoft\Windows\CurrentVersion\Explorer\UserAssist\{CEBFF5CD-ACE2-4F4F-9178-9926F41749EA}\Count
{CEBFF5CD-ACE2-4F4F-9178-9926F41749EA},P:\Hfref\Obff\Qbjaybnqf\a20cr10j.rkr,C:\Users\Boss\Downloads\n20pe10w.exe,REG_BINARY,Software\Microsoft\Windows\CurrentVersion\Explorer\UserAssist\{CEBFF5CD-ACE2-4F4F-9178-9926F41749EA}\Count
{CEBFF5CD-ACE2-4F4F-9178-9926F41749EA},P:\Hfref\Obff\Qbjaybnqf\a35n611j.rkr,C:\Users\Boss\Downloads\n35a611w.exe,REG_BINARY,Software\Microsoft\Windows\CurrentVersion\Explorer\UserAssist\{CEBFF5CD-ACE2-4F4F-9178-9926F41749EA}\Count
{CEBFF5CD-ACE2-4F4F-9178-9926F41749EA},Q:\Fbsgjnerf\rpyvcfr-vafg-wer-jva64.rkr,D:\Softwares\eclipse-inst-jre-win64.exe,REG_BINARY,Software\Microsoft\Windows\CurrentVersion\Explorer\UserAssist\{CEBFF5CD-ACE2-4F4F-9178-9926F41749EA}\Count
{CEBFF5CD-ACE2-4F4F-9178-9926F41749EA},P:\Hfref\Obff\NccQngn\Ybpny\Grzc\rbvO661.gzc\rpyvcfr-vafg.rkr,C:\Users\Boss\AppData\Local\Temp\eoiB661.tmp\eclipse-inst.exe,REG_BINARY,Software\Microsoft\Windows\CurrentVersion\Explorer\UserAssist\{CEBFF5CD-ACE2-4F4F-9178-9926F41749EA}\Count
{CEBFF5CD-ACE2-4F4F-9178-9926F41749EA},Rpyvcfr Vafgnyyre,Eclipse Installer,REG_BINARY,Software\Microsoft\Windows\CurrentVersion\Explorer\UserAssist\{CEBFF5CD-ACE2-4F4F-9178-9926F41749EA}\Count
{CEBFF5CD-ACE2-4F4F-9178-9926F41749EA},Q:\Fbsgjnerf\Tvg-2.50.1-64-ovg.rkr,D:\Softwares\Git-2.50.1-64-bit.exe,REG_BINARY,Software\Microsoft\Windows\CurrentVersion\Explorer\UserAssist\{CEBFF5CD-ACE2-4F4F-9178-9926F41749EA}\Count
{CEBFF5CD-ACE2-4F4F-9178-9926F41749EA},Zvpebfbsg.Jvaqbjf.Cubgbf_8jrxlo3q8oojr!Ncc,Microsoft.Windows.Photos_8wekyb3d8bbwe!App,REG_BINARY,Software\Microsoft\Windows\CurrentVersion\Explorer\UserAssist\{CEBFF5CD-ACE2-4F4F-9178-9926F41749EA}\Count
{CEBFF5CD-ACE2-4F4F-9178-9926F41749EA},Q:\Fbsgjnerf\IvfhnyFghqvbFrghc.rkr,D:\Softwares\VisualStudioSetup.exe,REG_BINARY,Software\Microsoft\Windows\CurrentVersion\Explorer\UserAssist\{CEBFF5CD-ACE2-4F4F-9178-9926F41749EA}\Count
{CEBFF5CD-ACE2-4F4F-9178-9926F41749EA},P:\Hfref\Obff\NccQngn\Ybpny\Grzc\r2op06oqs009s7s2944qop\if_obbgfgenccre_q15\if_frghc_obbgfgenccre.rkr,C:\Users\Boss\AppData\Local\Temp\e2bc06bdf009f7f2944dbc\vs_bootstrapper_d15\vs_setup_bootstrapper.exe,REG_BINARY,Software\Microsoft\Windows\CurrentVersion\Explorer\UserAssist\{CEBFF5CD-ACE2-4F4F-9178-9926F41749EA}\Count
{CEBFF5CD-ACE2-4F4F-9178-9926F41749EA},Zvpebfbsg.IvfhnyFghqvb.Vafgnyyre,Microsoft.VisualStudio.Installer,REG_BINARY,Software\Microsoft\Windows\CurrentVersion\Explorer\UserAssist\{CEBFF5CD-ACE2-4F4F-9178-9926F41749EA}\Count
{CEBFF5CD-ACE2-4F4F-9178-9926F41749EA},P:\Hfref\Obff\rpyvcfr\wnin-2025-06\rpyvcfr\rpyvcfr.rkr,C:\Users\Boss\eclipse\java-2025-06\eclipse\eclipse.exe,REG_BINARY,Software\Microsoft\Windows\CurrentVersion\Explorer\UserAssist\{CEBFF5CD-ACE2-4F4F-9178-9926F41749EA}\Count
{CEBFF5CD-ACE2-4F4F-9178-9926F41749EA},Rpyvcfr,Eclipse,REG_BINARY,Software\Microsoft\Windows\CurrentVersion\Explorer\UserAssist\{CEBFF5CD-ACE2-4F4F-9178-9926F41749EA}\Count
{CEBFF5CD-ACE2-4F4F-9178-9926F41749EA},{6Q809377-6NS0-444O-8957-N3773S02200R}\JvaqbjfNccf\Zvpebfbsg.FperraFxrgpu_11.2507.15.0_k64__8jrxlo3q8oojr\FavccvatGbby\FavccvatGbby.rkr,{6D809377-6AF0-444B-8957-A3773F02200E}\WindowsApps\Microsoft.ScreenSketch_11.2507.15.0_x64__8wekyb3d8bbwe\SnippingTool\SnippingTool.exe,REG_BINARY,Software\Microsoft\Windows\CurrentVersion\Explorer\UserAssist\{CEBFF5CD-ACE2-4F4F-9178-9926F41749EA}\Count
{CEBFF5CD-ACE2-4F4F-9178-9926F41749EA},Zvpebfbsg.FperraFxrgpu_8jrxlo3q8oojr!Ncc,Microsoft.ScreenSketch_8wekyb3d8bbwe!App,REG_BINARY,Software\Microsoft\Windows\CurrentVersion\Explorer\UserAssist\{CEBFF5CD-ACE2-4F4F-9178-9926F41749EA}\Count
{CEBFF5CD-ACE2-4F4F-9178-9926F41749EA},Zvpebfbsg.Jvaqbjf.PbagebyCnary,Microsoft.Windows.ControlPanel,REG_BINARY,Software\Microsoft\Windows\CurrentVersion\Explorer\UserAssist\{CEBFF5CD-ACE2-4F4F-9178-9926F41749EA}\Count
{CEBFF5CD-ACE2-4F4F-9178-9926F41749EA},{7P5N40RS-N0SO-4OSP-874N-P0S2R0O9SN8R}\Qri-Pcc\qripcc.rkr,{7C5A40EF-A0FB-4BFC-874A-C0F2E0B9FA8E}\Dev-Cpp\devcpp.exe,REG_BINARY,Software\Microsoft\Windows\CurrentVersion\Explorer\UserAssist\{CEBFF5CD-ACE2-4F4F-9178-9926F41749EA}\Count
{CEBFF5CD-ACE2-4F4F-9178-9926F41749EA},Zvpebfbsg.JvaqbjfFgber_8jrxlo3q8oojr!Ncc,Microsoft.WindowsStore_8wekyb3d8bbwe!App,REG_BINARY,Software\Microsoft\Windows\CurrentVersion\Explorer\UserAssist\{CEBFF5CD-ACE2-4F4F-9178-9926F41749EA}\Count
{CEBFF5CD-ACE2-4F4F-9178-9926F41749EA},P:\Hfref\Obff\NccQngn\Ybpny\Grzc\4011704q40s1n41151\if_obbgfgenccre_q15\if_frghc_obbgfgenccre.rkr,C:\Users\Boss\AppData\Local\Temp\4011704d40f1a41151\vs_bootstrapper_d15\vs_setup_bootstrapper.exe,REG_BINARY,Software\Microsoft\Windows\CurrentVersion\Explorer\UserAssist\{CEBFF5CD-ACE2-4F4F-9178-9926F41749EA}\Count
{CEBFF5CD-ACE2-4F4F-9178-9926F41749EA},IvfhnyFghqvb.2oo484on,VisualStudio.2bb484ba,REG_BINARY,Software\Microsoft\Windows\CurrentVersion\Explorer\UserAssist\{CEBFF5CD-ACE2-4F4F-9178-9926F41749EA}\Count
{CEBFF5CD-ACE2-4F4F-9178-9926F41749EA},Q:\Fbsgjnerf\IFPbqrHfreFrghc-k64-1.104.3.rkr,D:\Softwares\VSCodeUserSetup-x64-1.104.3.exe,REG_BINARY,Software\Microsoft\Windows\CurrentVersion\Explorer\UserAssist\{CEBFF5CD-ACE2-4F4F-9178-9926F41749EA}\Count
{CEBFF5CD-ACE2-4F4F-9178-9926F41749EA},Zvpebfbsg.IvfhnyFghqvbPbqr,Microsoft.VisualStudioCode,REG_BINARY,Software\Microsoft\Windows\CurrentVersion\Explorer\UserAssist\{CEBFF5CD-ACE2-4F4F-9178-9926F41749EA}\Count
{CEBFF5CD-ACE2-4F4F-9178-9926F41749EA},{6Q809377-6NS0-444O-8957-N3773S02200R}\Zvpebfbsg Bssvpr\Bssvpr16\JVAJBEQ.RKR,{6D809377-6AF0-444B-8957-A3773F02200E}\Microsoft Office\Office16\WINWORD.EXE,REG_BINARY,Software\Microsoft\Windows\CurrentVersion\Explorer\UserAssist\{CEBFF5CD-ACE2-4F4F-9178-9926F41749EA}\Count
{CEBFF5CD-ACE2-4F4F-9178-9926F41749EA},{6Q809377-6NS0-444O-8957-N3773S02200R}\Zvpebfbsg Bssvpr\Bssvpr16\CBJRECAG.RKR,{6D809377-6AF0-444B-8957-A3773F02200E}\Microsoft Office\Office16\POWERPNT.EXE,REG_BINARY,Software\Microsoft\Windows\CurrentVersion\Explorer\UserAssist\{CEBFF5CD-ACE2-4F4F-9178-9926F41749EA}\Count
{CEBFF5CD-ACE2-4F4F-9178-9926F41749EA},{1NP14R77-02R7-4R5Q-O744-2RO1NR5198O7}\CvpxreUbfg.rkr,{1AC14E77-02E7-4E5D-B744-2EB1AE5198B7}\PickerHost.exe,REG_BINARY,Software\Microsoft\Windows\CurrentVersion\Explorer\UserAssist\{CEBFF5CD-ACE2-4F4F-9178-9926F41749EA}\Count
{CEBFF5CD-ACE2-4F4F-9178-9926F41749EA},Q:\Fbsgjnerf\Cnpxrg_Genpre822_64ovg_frghc_fvtarq.rkr,D:\Softwares\Packet_Tracer822_64bit_setup_signed.exe,REG_BINARY,Software\Microsoft\Windows\CurrentVersion\Explorer\UserAssist\{CEBFF5CD-ACE2-4F4F-9178-9926F41749EA}\Count
{CEBFF5CD-ACE2-4F4F-9178-9926F41749EA},{6Q809377-6NS0-444O-8957-N3773S02200R}\Pvfpb Cnpxrg Genpre 8.2.2\ova\CnpxrgGenpre.rkr,{6D809377-6AF0-444B-8957-A3773F02200E}\Cisco Packet Tracer 8.2.2\bin\PacketTracer.exe,REG_BINARY,Software\Microsoft\Windows\CurrentVersion\Explorer\UserAssist\{CEBFF5CD-ACE2-4F4F-9178-9926F41749EA}\Count
{CEBFF5CD-ACE2-4F4F-9178-9926F41749EA},Zvpebfbsg.BhgybbxSbeJvaqbjf_8jrxlo3q8oojr!Zvpebfbsg.BhgybbxsbeJvaqbjf,Microsoft.OutlookForWindows_8wekyb3d8bbwe!Microsoft.OutlookforWindows,REG_BINARY,Software\Microsoft\Windows\CurrentVersion\Explorer\UserAssist\{CEBFF5CD-ACE2-4F4F-9178-9926F41749EA}\Count
{CEBFF5CD-ACE2-4F4F-9178-9926F41749EA},Zvpebfbsg.KobkTnzvatBireynl_8jrxlo3q8oojr!Ncc,Microsoft.XboxGamingOverlay_8wekyb3d8bbwe!App,REG_BINARY,Software\Microsoft\Windows\CurrentVersion\Explorer\UserAssist\{CEBFF5CD-ACE2-4F4F-9178-9926F41749EA}\Count
{CEBFF5CD-ACE2-4F4F-9178-9926F41749EA},{1NP14R77-02R7-4R5Q-O744-2RO1NR5198O7}\etahcqg.rkr,{1AC14E77-02E7-4E5D-B744-2EB1AE5198B7}\rgnupdt.exe,REG_BINARY,Software\Microsoft\Windows\CurrentVersion\Explorer\UserAssist\{CEBFF5CD-ACE2-4F4F-9178-9926F41749EA}\Count
{CEBFF5CD-ACE2-4F4F-9178-9926F41749EA},{6Q809377-6NS0-444O-8957-N3773S02200R}\Zvpebfbsg Bssvpr\Bssvpr16\RKPRY.RKR,{6D809377-6AF0-444B-8957-A3773F02200E}\Microsoft Office\Office16\EXCEL.EXE,REG_BINARY,Software\Microsoft\Windows\CurrentVersion\Explorer\UserAssist\{CEBFF5CD-ACE2-4F4F-9178-9926F41749EA}\Count
{CEBFF5CD-ACE2-4F4F-9178-9926F41749EA},Q:\Fbsgjnerf\Ncnpur-ArgOrnaf-25-ova-jvaqbjf-k64.rkr,D:\Softwares\Apache-NetBeans-25-bin-windows-x64.exe,REG_BINARY,Software\Microsoft\Windows\CurrentVersion\Explorer\UserAssist\{CEBFF5CD-ACE2-4F4F-9178-9926F41749EA}\Count
{CEBFF5CD-ACE2-4F4F-9178-9926F41749EA},Q:\Fbsgjnerf\wqx-25_jvaqbjf-k64_ova.rkr,D:\Softwares\jdk-25_windows-x64_bin.exe,REG_BINARY,Software\Microsoft\Windows\CurrentVersion\Explorer\UserAssist\{CEBFF5CD-ACE2-4F4F-9178-9926F41749EA}\Count
{CEBFF5CD-ACE2-4F4F-9178-9926F41749EA},Zvpebfbsg.Jvaqbjf.JvaqbjfVafgnyyre,Microsoft.Windows.WindowsInstaller,REG_BINARY,Software\Microsoft\Windows\CurrentVersion\Explorer\UserAssist\{CEBFF5CD-ACE2-4F4F-9178-9926F41749EA}\Count
{CEBFF5CD-ACE2-4F4F-9178-9926F41749EA},{1NP14R77-02R7-4R5Q-O744-2RO1NR5198O7}\FlfgrzCebcregvrfNqinaprq.rkr,{1AC14E77-02E7-4E5D-B744-2EB1AE5198B7}\SystemPropertiesAdvanced.exe,REG_BINARY,Software\Microsoft\Windows\CurrentVersion\Explorer\UserAssist\{CEBFF5CD-ACE2-4F4F-9178-9926F41749EA}\Count
{CEBFF5CD-ACE2-4F4F-9178-9926F41749EA},Q:\Fbsgjnerf\wqx-24_jvaqbjf-k64_ova.rkr,D:\Softwares\jdk-24_windows-x64_bin.exe,REG_BINARY,Software\Microsoft\Windows\CurrentVersion\Explorer\UserAssist\{CEBFF5CD-ACE2-4F4F-9178-9926F41749EA}\Count
{CEBFF5CD-ACE2-4F4F-9178-9926F41749EA},Q:\Fbsgjnerf\Ivfhny_Cnenqvtz_17_3_20250902_Jva64.rkr,D:\Softwares\Visual_Paradigm_17_3_20250902_Win64.exe,REG_BINARY,Software\Microsoft\Windows\CurrentVersion\Explorer\UserAssist\{CEBFF5CD-ACE2-4F4F-9178-9926F41749EA}\Count
{CEBFF5CD-ACE2-4F4F-9178-9926F41749EA},308046O0NS4N39PO;CevingrOebjfvatNHZVQ,308046B0AF4A39CB;PrivateBrowsingAUMID,REG_BINARY,Software\Microsoft\Windows\CurrentVersion\Explorer\UserAssist\{CEBFF5CD-ACE2-4F4F-9178-9926F41749EA}\Count
{CEBFF5CD-ACE2-4F4F-9178-9926F41749EA},Q:\Fbsgjnerf\PuebzrFrghc.rkr,D:\Softwares\ChromeSetup.exe,REG_BINARY,Software\Microsoft\Windows\CurrentVersion\Explorer\UserAssist\{CEBFF5CD-ACE2-4F4F-9178-9926F41749EA}\Count
{CEBFF5CD-ACE2-4F4F-9178-9926F41749EA},{7P5N40RS-N0SO-4OSP-874N-P0S2R0O9SN8R}\Tbbtyr\Grzc\THZ83N6.gzc\TbbtyrHcqngr.rkr,{7C5A40EF-A0FB-4BFC-874A-C0F2E0B9FA8E}\Google\Temp\GUM83A6.tmp\GoogleUpdate.exe,REG_BINARY,Software\Microsoft\Windows\CurrentVersion\Explorer\UserAssist\{CEBFF5CD-ACE2-4F4F-9178-9926F41749EA}\Count
{CEBFF5CD-ACE2-4F4F-9178-9926F41749EA},{7P5N40RS-N0SO-4OSP-874N-P0S2R0O9SN8R}\Tbbtyr\Hcqngr\TbbtyrHcqngr.rkr,{7C5A40EF-A0FB-4BFC-874A-C0F2E0B9FA8E}\Google\Update\GoogleUpdate.exe,REG_BINARY,Software\Microsoft\Windows\CurrentVersion\Explorer\UserAssist\{CEBFF5CD-ACE2-4F4F-9178-9926F41749EA}\Count
{CEBFF5CD-ACE2-4F4F-9178-9926F41749EA},{6Q809377-6NS0-444O-8957-N3773S02200R}\ArgOrnaf-25\argornaf\ova\argornaf64.rkr,{6D809377-6AF0-444B-8957-A3773F02200E}\NetBeans-25\netbeans\bin\netbeans64.exe,REG_BINARY,Software\Microsoft\Windows\CurrentVersion\Explorer\UserAssist\{CEBFF5CD-ACE2-4F4F-9178-9926F41749EA}\Count
{CEBFF5CD-ACE2-4F4F-9178-9926F41749EA},Puebzr,Chrome,REG_BINARY,Software\Microsoft\Windows\CurrentVersion\Explorer\UserAssist\{CEBFF5CD-ACE2-4F4F-9178-9926F41749EA}\Count
{CEBFF5CD-ACE2-4F4F-9178-9926F41749EA},{6Q809377-6NS0-444O-8957-N3773S02200R}\Ivfhny Cnenqvtz 17.3\ova\Ivfhny Cnenqvtz.rkr,{6D809377-6AF0-444B-8957-A3773F02200E}\Visual Paradigm 17.3\bin\Visual Paradigm.exe,REG_BINARY,Software\Microsoft\Windows\CurrentVersion\Explorer\UserAssist\{CEBFF5CD-ACE2-4F4F-9178-9926F41749EA}\Count
{CEBFF5CD-ACE2-4F4F-9178-9926F41749EA},{6Q809377-6NS0-444O-8957-N3773S02200R}\Ivfhny Cnenqvtz 17.3\ova\Ivfhny Cnenqvtz Hcqngr.rkr,{6D809377-6AF0-444B-8957-A3773F02200E}\Visual Paradigm 17.3\bin\Visual Paradigm Update.exe,REG_BINARY,Software\Microsoft\Windows\CurrentVersion\Explorer\UserAssist\{CEBFF5CD-ACE2-4F4F-9178-9926F41749EA}\Count
{CEBFF5CD-ACE2-4F4F-9178-9926F41749EA},Puebzr._pek_zwbxycyoqqcabxwnssoztoxxtt,Chrome._crx_mjoklplbddpnokjaffbmgbkkgg,REG_BINARY,Software\Microsoft\Windows\CurrentVersion\Explorer\UserAssist\{CEBFF5CD-ACE2-4F4F-9178-9926F41749EA}\Count
{CEBFF5CD-ACE2-4F4F-9178-9926F41749EA},P:\Hfref\Obff\fbhepr\ercbf\grfg\k64\Qroht\grfg.rkr,C:\Users\Boss\source\repos\test\x64\Debug\test.exe,REG_BINARY,Software\Microsoft\Windows\CurrentVersion\Explorer\UserAssist\{CEBFF5CD-ACE2-4F4F-9178-9926F41749EA}\Count
{CEBFF5CD-ACE2-4F4F-9178-9926F41749EA},P:\Hfref\Obff\fbhepr\ercbf\PbafbyrNccyvpngvba1\k64\Qroht\PbafbyrNccyvpngvba1.rkr,C:\Users\Boss\source\repos\ConsoleApplication1\x64\Debug\ConsoleApplication1.exe,REG_BINARY,Software\Microsoft\Windows\CurrentVersion\Explorer\UserAssist\{CEBFF5CD-ACE2-4F4F-9178-9926F41749EA}\Count
{CEBFF5CD-ACE2-4F4F-9178-9926F41749EA},{6Q809377-6NS0-444O-8957-N3773S02200R}\JvaqbjfNccf\Zvpebfbsg.FperraFxrgpu_11.2508.28.0_k64__8jrxlo3q8oojr\FavccvatGbby\FavccvatGbby.rkr,{6D809377-6AF0-444B-8957-A3773F02200E}\WindowsApps\Microsoft.ScreenSketch_11.2508.28.0_x64__8wekyb3d8bbwe\SnippingTool\SnippingTool.exe,REG_BINARY,Software\Microsoft\Windows\CurrentVersion\Explorer\UserAssist\{CEBFF5CD-ACE2-4F4F-9178-9926F41749EA}\Count
{CEBFF5CD-ACE2-4F4F-9178-9926F41749EA},P:\Hfref\Obff\fbhepr\ercbf\Yno6\k64\Qroht\Yno6.rkr,C:\Users\Boss\source\repos\Lab6\x64\Debug\Lab6.exe,REG_BINARY,Software\Microsoft\Windows\CurrentVersion\Explorer\UserAssist\{CEBFF5CD-ACE2-4F4F-9178-9926F41749EA}\Count
{CEBFF5CD-ACE2-4F4F-9178-9926F41749EA},P:\Hfref\Obff\fbhepr\ercbf\Yno6_Gnfx_01\k64\Qroht\Yno6_Gnfx_01.rkr,C:\Users\Boss\source\repos\Lab6_Task_01\x64\Debug\Lab6_Task_01.exe,REG_BINARY,Software\Microsoft\Windows\CurrentVersion\Explorer\UserAssist\{CEBFF5CD-ACE2-4F4F-9178-9926F41749EA}\Count
{CEBFF5CD-ACE2-4F4F-9178-9926F41749EA},P:\Hfref\Obff\fbhepr\ercbf\Yno6_Gnf#02\k64\Qroht\Yno6_Gnf#02.rkr,C:\Users\Boss\source\repos\Lab6_Tas#02\x64\Debug\Lab6_Tas#02.exe,REG_BINARY,Software\Microsoft\Windows\CurrentVersion\Explorer\UserAssist\{CEBFF5CD-ACE2-4F4F-9178-9926F41749EA}\Count
{CEBFF5CD-ACE2-4F4F-9178-9926F41749EA},{1NP14R77-02R7-4R5Q-O744-2RO1NR5198O7}\oqrhaybpx.rkr,{1AC14E77-02E7-4E5D-B744-2EB1AE5198B7}\bdeunlock.exe,REG_BINARY,Software\Microsoft\Windows\CurrentVersion\Explorer\UserAssist\{CEBFF5CD-ACE2-4F4F-9178-9926F41749EA}\Count
{CEBFF5CD-ACE2-4F4F-9178-9926F41749EA},{1NP14R77-02R7-4R5Q-O744-2RO1NR5198O7}\OvgYbpxreJvmneqRyri.rkr,{1AC14E77-02E7-4E5D-B744-2EB1AE5198B7}\BitLockerWizardElev.exe,REG_BINARY,Software\Microsoft\Windows\CurrentVersion\Explorer\UserAssist\{CEBFF5CD-ACE2-4F4F-9178-9926F41749EA}\Count
{CEBFF5CD-ACE2-4F4F-9178-9926F41749EA},Zvpebfbsg.Jvaqbjf.NqzvavfgengvirGbbyf,Microsoft.Windows.AdministrativeTools,REG_BINARY,Software\Microsoft\Windows\CurrentVersion\Explorer\UserAssist\{CEBFF5CD-ACE2-4F4F-9178-9926F41749EA}\Count
{CEBFF5CD-ACE2-4F4F-9178-9926F41749EA},ZvpebfbsgJvaqbjf.Pyvrag.POF_pj5a1u2gklrjl!JroRkcrevraprUbfg,MicrosoftWindows.Client.CBS_cw5n1h2txyewy!WebExperienceHost,REG_BINARY,Software\Microsoft\Windows\CurrentVersion\Explorer\UserAssist\{CEBFF5CD-ACE2-4F4F-9178-9926F41749EA}\Count
{CEBFF5CD-ACE2-4F4F-9178-9926F41749EA},{S38OS404-1Q43-42S2-9305-67QR0O28SP23}\Grzc\44q2p809n0r8op77rrqp615nq8q2106q942p68\JveryrffFrghc.rkr,{F38BF404-1D43-42F2-9305-67DE0B28FC23}\Temp\44d2c809a0e8bc77eedc615ad8d2106d942c68\WirelessSetup.exe,REG_BINARY,Software\Microsoft\Windows\CurrentVersion\Explorer\UserAssist\{CEBFF5CD-ACE2-4F4F-9178-9926F41749EA}\Count
{CEBFF5CD-ACE2-4F4F-9178-9926F41749EA},{6Q809377-6NS0-444O-8957-N3773S02200R}\JvaqbjfNccf\Zvpebfbsg.FperraFxrgpu_11.2508.29.0_k64__8jrxlo3q8oojr\FavccvatGbby\FavccvatGbby.rkr,{6D809377-6AF0-444B-8957-A3773F02200E}\WindowsApps\Microsoft.ScreenSketch_11.2508.29.0_x64__8wekyb3d8bbwe\SnippingTool\SnippingTool.exe,REG_BINARY,Software\Microsoft\Windows\CurrentVersion\Explorer\UserAssist\{CEBFF5CD-ACE2-4F4F-9178-9926F41749EA}\Count
{CEBFF5CD-ACE2-4F4F-9178-9926F41749EA},Q:\5 Frzrfgre\Obf\QYQ\Yrpgher\OG-23.160.0-64HJQ-Jva10-Jva11.rkr,D:\5 Semester\Bos\DLD\Lecture\BT-23.160.0-64UWD-Win10-Win11.exe,REG_BINARY,Software\Microsoft\Windows\CurrentVersion\Explorer\UserAssist\{CEBFF5CD-ACE2-4F4F-9178-9926F41749EA}\Count
{CEBFF5CD-ACE2-4F4F-9178-9926F41749EA},{S38OS404-1Q43-42S2-9305-67QR0O28SP23}\Grzc\q97333spnpq7p59pn3p2o4369r5r64spn8rs56\JveryrffFrghc.rkr,{F38BF404-1D43-42F2-9305-67DE0B28FC23}\Temp\d97333fcacd7c59ca3c2b4369e5e64fca8ef56\WirelessSetup.exe,REG_BINARY,Software\Microsoft\Windows\CurrentVersion\Explorer\UserAssist\{CEBFF5CD-ACE2-4F4F-9178-9926F41749EA}\Count
{CEBFF5CD-ACE2-4F4F-9178-9926F41749EA},Q:\5 Frzrfgre\Obf\QYQ\Yrpgher\Zvq\a34vi33j.rkr,D:\5 Semester\Bos\DLD\Lecture\Mid\n34iv33w.exe,REG_BINARY,Software\Microsoft\Windows\CurrentVersion\Explorer\UserAssist\{CEBFF5CD-ACE2-4F4F-9178-9926F41749EA}\Count
{CEBFF5CD-ACE2-4F4F-9178-9926F41749EA},Zvpebfbsg.Jvaqbjf.FgnegZrahRkcrevraprUbfg_pj5a1u2gklrjl!ShyyGehfgNcc,Microsoft.Windows.StartMenuExperienceHost_cw5n1h2txyewy!FullTrustApp,REG_BINARY,Software\Microsoft\Windows\CurrentVersion\Explorer\UserAssist\{CEBFF5CD-ACE2-4F4F-9178-9926F41749EA}\Count
{CEBFF5CD-ACE2-4F4F-9178-9926F41749EA},Q:\Fbsgjner\SvtznFrghc.rkr,D:\Software\FigmaSetup.exe,REG_BINARY,Software\Microsoft\Windows\CurrentVersion\Explorer\UserAssist\{CEBFF5CD-ACE2-4F4F-9178-9926F41749EA}\Count
{CEBFF5CD-ACE2-4F4F-9178-9926F41749EA},pbz.fdhveery.Svtzn.Svtzn,com.squirrel.Figma.Figma,REG_BINARY,Software\Microsoft\Windows\CurrentVersion\Explorer\UserAssist\{CEBFF5CD-ACE2-4F4F-9178-9926F41749EA}\Count
{CEBFF5CD-ACE2-4F4F-9178-9926F41749EA},{6Q809377-6NS0-444O-8957-N3773S02200R}\JvaENE\JvaENE.rkr,{6D809377-6AF0-444B-8957-A3773F02200E}\WinRAR\WinRAR.exe,REG_BINARY,Software\Microsoft\Windows\CurrentVersion\Explorer\UserAssist\{CEBFF5CD-ACE2-4F4F-9178-9926F41749EA}\Count
{CEBFF5CD-ACE2-4F4F-9178-9926F41749EA},P:\Hfref\Obff\Qbjaybnqf\gbe-oebjfre-jvaqbjf-k86_64-cbegnoyr-15.0.rkr,C:\Users\Boss\Downloads\tor-browser-windows-x86_64-portable-15.0.exe,REG_BINARY,Software\Microsoft\Windows\CurrentVersion\Explorer\UserAssist\{CEBFF5CD-ACE2-4F4F-9178-9926F41749EA}\Count
{CEBFF5CD-ACE2-4F4F-9178-9926F41749EA},1806315051,1806315051,REG_BINARY,Software\Microsoft\Windows\CurrentVersion\Explorer\UserAssist\{CEBFF5CD-ACE2-4F4F-9178-9926F41749EA}\Count
{CEBFF5CD-ACE2-4F4F-9178-9926F41749EA},P:\Hfref\Obff\Qrfxgbc\Gbe Oebjfre\Oebjfre\sversbk.rkr,C:\Users\Boss\Desktop\Tor Browser\Browser\firefox.exe,REG_BINARY,Software\Microsoft\Windows\CurrentVersion\Explorer\UserAssist\{CEBFF5CD-ACE2-4F4F-9178-9926F41749EA}\Count
{CEBFF5CD-ACE2-4F4F-9178-9926F41749EA},Q:\Fbsgjnerf\Gbe Oebjfre\Oebjfre\sversbk.rkr,D:\Softwares\Tor Browser\Browser\firefox.exe,REG_BINARY,Software\Microsoft\Windows\CurrentVersion\Explorer\UserAssist\{CEBFF5CD-ACE2-4F4F-9178-9926F41749EA}\Count
{CEBFF5CD-ACE2-4F4F-9178-9926F41749EA},1487424305,1487424305,REG_BINARY,Software\Microsoft\Windows\CurrentVersion\Explorer\UserAssist\{CEBFF5CD-ACE2-4F4F-9178-9926F41749EA}\Count
{CEBFF5CD-ACE2-4F4F-9178-9926F41749EA},3359O0151QS1831Q,3359B0151DF1831D,REG_BINARY,Software\Microsoft\Windows\CurrentVersion\Explorer\UserAssist\{CEBFF5CD-ACE2-4F4F-9178-9926F41749EA}\Count
{CEBFF5CD-ACE2-4F4F-9178-9926F41749EA},P:\Hfref\Obff\fbhepr\ercbf\Yno#8\k64\Qroht\Yno#8.rkr,C:\Users\Boss\source\repos\Lab#8\x64\Debug\Lab#8.exe,REG_BINARY,Software\Microsoft\Windows\CurrentVersion\Explorer\UserAssist\{CEBFF5CD-ACE2-4F4F-9178-9926F41749EA}\Count
{CEBFF5CD-ACE2-4F4F-9178-9926F41749EA},P:\Hfref\Obff\fbhepr\ercbf\ZvqRknz\k64\Qroht\ZvqRknz.rkr,C:\Users\Boss\source\repos\MidExam\x64\Debug\MidExam.exe,REG_BINARY,Software\Microsoft\Windows\CurrentVersion\Explorer\UserAssist\{CEBFF5CD-ACE2-4F4F-9178-9926F41749EA}\Count
{CEBFF5CD-ACE2-4F4F-9178-9926F41749EA},P:\Hfref\Obff\fbhepr\ercbf\Zvqrknzcnego\k64\Qroht\Zvqrknzcnego.rkr,C:\Users\Boss\source\repos\Midexampartb\x64\Debug\Midexampartb.exe,REG_BINARY,Software\Microsoft\Windows\CurrentVersion\Explorer\UserAssist\{CEBFF5CD-ACE2-4F4F-9178-9926F41749EA}\Count
{CEBFF5CD-ACE2-4F4F-9178-9926F41749EA},{6Q809377-6NS0-444O-8957-N3773S02200R}\JvaqbjfNccf\Zvpebfbsg.FperraFxrgpu_11.2509.30.0_k64__8jrxlo3q8oojr\FavccvatGbby\FavccvatGbby.rkr,{6D809377-6AF0-444B-8957-A3773F02200E}\WindowsApps\Microsoft.ScreenSketch_11.2509.30.0_x64__8wekyb3d8bbwe\SnippingTool\SnippingTool.exe,REG_BINARY,Software\Microsoft\Windows\CurrentVersion\Explorer\UserAssist\{CEBFF5CD-ACE2-4F4F-9178-9926F41749EA}\Count
{CEBFF5CD-ACE2-4F4F-9178-9926F41749EA},Jvaqbjf.CevagQvnybt_pj5a1u2gklrjl!Zvpebfbsg.Jvaqbjf.CevagQvnybt,Windows.PrintDialog_cw5n1h2txyewy!Microsoft.Windows.PrintDialog,REG_BINARY,Software\Microsoft\Windows\CurrentVersion\Explorer\UserAssist\{CEBFF5CD-ACE2-4F4F-9178-9926F41749EA}\Count
{CEBFF5CD-ACE2-4F4F-9178-9926F41749EA},Zvpebfbsg.FxlQevir.Qrfxgbc,Microsoft.SkyDrive.Desktop,REG_BINARY,Software\Microsoft\Windows\CurrentVersion\Explorer\UserAssist\{CEBFF5CD-ACE2-4F4F-9178-9926F41749EA}\Count
{CEBFF5CD-ACE2-4F4F-9178-9926F41749EA},ZvpebfbsgJvaqbjf.Pyvrag.POF_pj5a1u2gklrjl!PbegnanHVShyyGehfgNcc,MicrosoftWindows.Client.CBS_cw5n1h2txyewy!CortanaUIFullTrustApp,REG_BINARY,Software\Microsoft\Windows\CurrentVersion\Explorer\UserAssist\{CEBFF5CD-ACE2-4F4F-9178-9926F41749EA}\Count
{CEBFF5CD-ACE2-4F4F-9178-9926F41749EA},{1NP14R77-02R7-4R5Q-O744-2RO1NR5198O7}\RnfrBsNpprffQvnybt.rkr,{1AC14E77-02E7-4E5D-B744-2EB1AE5198B7}\EaseOfAccessDialog.exe,REG_BINARY,Software\Microsoft\Windows\CurrentVersion\Explorer\UserAssist\{CEBFF5CD-ACE2-4F4F-9178-9926F41749EA}\Count
{CEBFF5CD-ACE2-4F4F-9178-9926F41749EA},Q:\Fbsgjnerf\HavglUhoFrghc-k64.rkr,D:\Softwares\UnityHubSetup-x64.exe,REG_BINARY,Software\Microsoft\Windows\CurrentVersion\Explorer\UserAssist\{CEBFF5CD-ACE2-4F4F-9178-9926F41749EA}\Count
{CEBFF5CD-ACE2-4F4F-9178-9926F41749EA},pbz.havgl3q.havgluho,com.unity3d.unityhub,REG_BINARY,Software\Microsoft\Windows\CurrentVersion\Explorer\UserAssist\{CEBFF5CD-ACE2-4F4F-9178-9926F41749EA}\Count
{CEBFF5CD-ACE2-4F4F-9178-9926F41749EA},Q:\Fbsgjnerf\cj-serr-bayvar.rkr,D:\Softwares\pw-free-online.exe,REG_BINARY,Software\Microsoft\Windows\CurrentVersion\Explorer\UserAssist\{CEBFF5CD-ACE2-4F4F-9178-9926F41749EA}\Count
{CEBFF5CD-ACE2-4F4F-9178-9926F41749EA},{6Q809377-6NS0-444O-8957-N3773S02200R}\ZvavGbby Cnegvgvba Jvmneq 13\cnegvgvbajvmneq.rkr,{6D809377-6AF0-444B-8957-A3773F02200E}\MiniTool Partition Wizard 13\partitionwizard.exe,REG_BINARY,Software\Microsoft\Windows\CurrentVersion\Explorer\UserAssist\{CEBFF5CD-ACE2-4F4F-9178-9926F41749EA}\Count
{CEBFF5CD-ACE2-4F4F-9178-9926F41749EA},{6Q809377-6NS0-444O-8957-N3773S02200R}\ZvavGbby FunqbjZnxre\flfgrz_onpxhc_thv.rkr,{6D809377-6AF0-444B-8957-A3773F02200E}\MiniTool ShadowMaker\system_backup_gui.exe,REG_BINARY,Software\Microsoft\Windows\CurrentVersion\Explorer\UserAssist\{CEBFF5CD-ACE2-4F4F-9178-9926F41749EA}\Count
{CEBFF5CD-ACE2-4F4F-9178-9926F41749EA},{6Q809377-6NS0-444O-8957-N3773S02200R}\ZvavGbby Cnegvgvba Jvmneq 13\havaf000.rkr,{6D809377-6AF0-444B-8957-A3773F02200E}\MiniTool Partition Wizard 13\unins000.exe,REG_BINARY,Software\Microsoft\Windows\CurrentVersion\Explorer\UserAssist\{CEBFF5CD-ACE2-4F4F-9178-9926F41749EA}\Count
{CEBFF5CD-ACE2-4F4F-9178-9926F41749EA},{6Q809377-6NS0-444O-8957-N3773S02200R}\ZvavGbby FunqbjZnxre\havaf000.rkr,{6D809377-6AF0-444B-8957-A3773F02200E}\MiniTool ShadowMaker\unins000.exe,REG_BINARY,Software\Microsoft\Windows\CurrentVersion\Explorer\UserAssist\{CEBFF5CD-ACE2-4F4F-9178-9926F41749EA}\Count
{CEBFF5CD-ACE2-4F4F-9178-9926F41749EA},Q:\Fbsgjnerf\Frghc_FvzcyrFgvpxlAbgrf_5.8.rkr,D:\Softwares\Setup_SimpleStickyNotes_5.8.exe,REG_BINARY,Software\Microsoft\Windows\CurrentVersion\Explorer\UserAssist\{CEBFF5CD-ACE2-4F4F-9178-9926F41749EA}\Count
{CEBFF5CD-ACE2-4F4F-9178-9926F41749EA},P:\Hfref\Obff\Qbjaybnqf\Frghc_FvzcyrFgvpxlAbgrf.rkr,C:\Users\Boss\Downloads\Setup_SimpleStickyNotes.exe,REG_BINARY,Software\Microsoft\Windows\CurrentVersion\Explorer\UserAssist\{CEBFF5CD-ACE2-4F4F-9178-9926F41749EA}\Count
{CEBFF5CD-ACE2-4F4F-9178-9926F41749EA},{7P5N40RS-N0SO-4OSP-874N-P0S2R0O9SN8R}\Fvzarg\Fvzcyr Fgvpxl Abgrf\ffa.rkr,{7C5A40EF-A0FB-4BFC-874A-C0F2E0B9FA8E}\Simnet\Simple Sticky Notes\ssn.exe,REG_BINARY,Software\Microsoft\Windows\CurrentVersion\Explorer\UserAssist\{CEBFF5CD-ACE2-4F4F-9178-9926F41749EA}\Count
{CEBFF5CD-ACE2-4F4F-9178-9926F41749EA},P:\Hfref\Obff\NccQngn\Ybpny\Grzc\havgluho-376r00q4-pp60-4258-n7sp-72p1r092169s\if_Pbzzhavgl.rkr,C:\Users\Boss\AppData\Local\Temp\unityhub-376e00d4-cc60-4258-a7fc-72c1e092169f\vs_Community.exe,REG_BINARY,Software\Microsoft\Windows\CurrentVersion\Explorer\UserAssist\{CEBFF5CD-ACE2-4F4F-9178-9926F41749EA}\Count
{CEBFF5CD-ACE2-4F4F-9178-9926F41749EA},P:\Hfref\Obff\NccQngn\Ybpny\Grzc\619o3pn4p636q1n9n5o8\if_obbgfgenccre_q15\if_frghc_obbgfgenccre.rkr,C:\Users\Boss\AppData\Local\Temp\619b3ca4c636d1a9a5b8\vs_bootstrapper_d15\vs_setup_bootstrapper.exe,REG_BINARY,Software\Microsoft\Windows\CurrentVersion\Explorer\UserAssist\{CEBFF5CD-ACE2-4F4F-9178-9926F41749EA}\Count
{CEBFF5CD-ACE2-4F4F-9178-9926F41749EA},P:\Hfref\Obff\NccQngn\Ybpny\havgluho-hcqngre\craqvat\HavglUhoFrghc-k64.rkr,C:\Users\Boss\AppData\Local\unityhub-updater\pending\UnityHubSetup-x64.exe,REG_BINARY,Software\Microsoft\Windows\CurrentVersion\Explorer\UserAssist\{CEBFF5CD-ACE2-4F4F-9178-9926F41749EA}\Count
{CEBFF5CD-ACE2-4F4F-9178-9926F41749EA},{6Q809377-6NS0-444O-8957-N3773S02200R}\Havgl\Uho\Rqvgbe\6000.3.1s1\Rqvgbe\Havgl.rkr,{6D809377-6AF0-444B-8957-A3773F02200E}\Unity\Hub\Editor\6000.3.1f1\Editor\Unity.exe,REG_BINARY,Software\Microsoft\Windows\CurrentVersion\Explorer\UserAssist\{CEBFF5CD-ACE2-4F4F-9178-9926F41749EA}\Count
{CEBFF5CD-ACE2-4F4F-9178-9926F41749EA},Zvpebfbsg.NhgbTrarengrq.{923QQ477-5846-686O-N659-0SPPQ73851N8},Microsoft.AutoGenerated.{923DD477-5846-686B-A659-0FCCD73851A8},REG_BINARY,Software\Microsoft\Windows\CurrentVersion\Explorer\UserAssist\{CEBFF5CD-ACE2-4F4F-9178-9926F41749EA}\Count
{CEBFF5CD-ACE2-4F4F-9178-9926F41749EA},{6Q809377-6NS0-444O-8957-N3773S02200R}\Havgl\Uho\Rqvgbe\6000.3.1s1\Rqvgbe\Qngn\Gbbyf\HavglPenfuUnaqyre64.rkr,{6D809377-6AF0-444B-8957-A3773F02200E}\Unity\Hub\Editor\6000.3.1f1\Editor\Data\Tools\UnityCrashHandler64.exe,REG_BINARY,Software\Microsoft\Windows\CurrentVersion\Explorer\UserAssist\{CEBFF5CD-ACE2-4F4F-9178-9926F41749EA}\Count
{CEBFF5CD-ACE2-4F4F-9178-9926F41749EA},{1NP14R77-02R7-4R5Q-O744-2RO1NR5198O7}\sirabgvsl.rkr,{1AC14E77-02E7-4E5D-B744-2EB1AE5198B7}\fvenotify.exe,REG_BINARY,Software\Microsoft\Windows\CurrentVersion\Explorer\UserAssist\{CEBFF5CD-ACE2-4F4F-9178-9926F41749EA}\Count
{CEBFF5CD-ACE2-4F4F-9178-9926F41749EA},Zvpebfbsg.MharZhfvp_8jrxlo3q8oojr!Zvpebfbsg.MharZhfvp,Microsoft.ZuneMusic_8wekyb3d8bbwe!Microsoft.ZuneMusic,REG_BINARY,Software\Microsoft\Windows\CurrentVersion\Explorer\UserAssist\{CEBFF5CD-ACE2-4F4F-9178-9926F41749EA}\Count
{CEBFF5CD-ACE2-4F4F-9178-9926F41749EA},Q:\Fbsgjnerf\jnzcfreire2.2q-k32.rkr,D:\Softwares\wampserver2.2d-x32.exe,REG_BINARY,Software\Microsoft\Windows\CurrentVersion\Explorer\UserAssist\{CEBFF5CD-ACE2-4F4F-9178-9926F41749EA}\Count
{CEBFF5CD-ACE2-4F4F-9178-9926F41749EA},P:\jnzc\jnzcznantre.rkr,C:\wamp\wampmanager.exe,REG_BINARY,Software\Microsoft\Windows\CurrentVersion\Explorer\UserAssist\{CEBFF5CD-ACE2-4F4F-9178-9926F41749EA}\Count
{CEBFF5CD-ACE2-4F4F-9178-9926F41749EA},{6Q809377-6NS0-444O-8957-N3773S02200R}\JvaqbjfNccf\Zvpebfbsg.FperraFxrgpu_11.2510.31.0_k64__8jrxlo3q8oojr\FavccvatGbby\FavccvatGbby.rkr,{6D809377-6AF0-444B-8957-A3773F02200E}\WindowsApps\Microsoft.ScreenSketch_11.2510.31.0_x64__8wekyb3d8bbwe\SnippingTool\SnippingTool.exe,REG_BINARY,Software\Microsoft\Windows\CurrentVersion\Explorer\UserAssist\{CEBFF5CD-ACE2-4F4F-9178-9926F41749EA}\Count
{CEBFF5CD-ACE2-4F4F-9178-9926F41749EA},Q:\Fbsgjnerf\knzcc-jvaqbjf-k64-8.2.12-0-IF16-vafgnyyre.rkr,D:\Softwares\xampp-windows-x64-8.2.12-0-VS16-installer.exe,REG_BINARY,Software\Microsoft\Windows\CurrentVersion\Explorer\UserAssist\{CEBFF5CD-ACE2-4F4F-9178-9926F41749EA}\Count
{CEBFF5CD-ACE2-4F4F-9178-9926F41749EA},Zvpebfbsg.NhgbTrarengrq.{0SQQ9P6O-656O-0S1S-NO08-O1PQOO7067O3},Microsoft.AutoGenerated.{0FDD9C6B-656B-0F1F-AB08-B1CDBB7067B3},REG_BINARY,Software\Microsoft\Windows\CurrentVersion\Explorer\UserAssist\{CEBFF5CD-ACE2-4F4F-9178-9926F41749EA}\Count
{CEBFF5CD-ACE2-4F4F-9178-9926F41749EA},TvgSbeJvaqbjf.Onfu,GitForWindows.Bash,REG_BINARY,Software\Microsoft\Windows\CurrentVersion\Explorer\UserAssist\{CEBFF5CD-ACE2-4F4F-9178-9926F41749EA}\Count
{CEBFF5CD-ACE2-4F4F-9178-9926F41749EA},P:\knzcc\cuc\cuc.rkr,C:\xampp\php\php.exe,REG_BINARY,Software\Microsoft\Windows\CurrentVersion\Explorer\UserAssist\{CEBFF5CD-ACE2-4F4F-9178-9926F41749EA}\Count
{CEBFF5CD-ACE2-4F4F-9178-9926F41749EA},P:\knzcc\knzcc-pbageby.rkr,C:\xampp\xampp-control.exe,REG_BINARY,Software\Microsoft\Windows\CurrentVersion\Explorer\UserAssist\{CEBFF5CD-ACE2-4F4F-9178-9926F41749EA}\Count
{CEBFF5CD-ACE2-4F4F-9178-9926F41749EA},P:\Hfref\Obff\Qbjaybnqf\Ybbz Frghc 0.325.4.rkr,C:\Users\Boss\Downloads\Loom Setup 0.325.4.exe,REG_BINARY,Software\Microsoft\Windows\CurrentVersion\Explorer\UserAssist\{CEBFF5CD-ACE2-4F4F-9178-9926F41749EA}\Count
{CEBFF5CD-ACE2-4F4F-9178-9926F41749EA},ryrpgeba.ncc.Ybbz,electron.app.Loom,REG_BINARY,Software\Microsoft\Windows\CurrentVersion\Explorer\UserAssist\{CEBFF5CD-ACE2-4F4F-9178-9926F41749EA}\Count
{CEBFF5CD-ACE2-4F4F-9178-9926F41749EA},Zvpebfbsg.JvaqbjfNynezf_8jrxlo3q8oojr!Ncc,Microsoft.WindowsAlarms_8wekyb3d8bbwe!App,REG_BINARY,Software\Microsoft\Windows\CurrentVersion\Explorer\UserAssist\{CEBFF5CD-ACE2-4F4F-9178-9926F41749EA}\Count
{CEBFF5CD-ACE2-4F4F-9178-9926F41749EA},Zvpebfbsg.Jvaqbjf.ZrqvnCynlre32,Microsoft.Windows.MediaPlayer32,REG_BINARY,Software\Microsoft\Windows\CurrentVersion\Explorer\UserAssist\{CEBFF5CD-ACE2-4F4F-9178-9926F41749EA}\Count
{CEBFF5CD-ACE2-4F4F-9178-9926F41749EA},P:\Hfref\Obff\NccQngn\Ybpny\Grzc\{S5ON31RQ-0S17-407S-84P1-6ON5PO7O6R41}\.pe\clguba-3.14.2-nzq64.rkr,C:\Users\Boss\AppData\Local\Temp\{F5BA31ED-0F17-407F-84C1-6BA5CB7B6E41}\.cr\python-3.14.2-amd64.exe,REG_BINARY,Software\Microsoft\Windows\CurrentVersion\Explorer\UserAssist\{CEBFF5CD-ACE2-4F4F-9178-9926F41749EA}\Count
{CEBFF5CD-ACE2-4F4F-9178-9926F41749EA},Puebzr.HfreQngn.Cebsvyr1,Chrome.UserData.Profile1,REG_BINARY,Software\Microsoft\Windows\CurrentVersion\Explorer\UserAssist\{CEBFF5CD-ACE2-4F4F-9178-9926F41749EA}\Count
{CEBFF5CD-ACE2-4F4F-9178-9926F41749EA},Puebzr.HfreQngn.FlfgrzCebsvyr,Chrome.UserData.SystemProfile,REG_BINARY,Software\Microsoft\Windows\CurrentVersion\Explorer\UserAssist\{CEBFF5CD-ACE2-4F4F-9178-9926F41749EA}\Count
{CEBFF5CD-ACE2-4F4F-9178-9926F41749EA},{6Q809377-6NS0-444O-8957-N3773S02200R}\JvaqbjfNccf\Zvpebfbsg.FperraFxrgpu_11.2511.47.0_k64__8jrxlo3q8oojr\FavccvatGbby\FavccvatGbby.rkr,{6D809377-6AF0-444B-8957-A3773F02200E}\WindowsApps\Microsoft.ScreenSketch_11.2511.47.0_x64__8wekyb3d8bbwe\SnippingTool\SnippingTool.exe,REG_BINARY,Software\Microsoft\Windows\CurrentVersion\Explorer\UserAssist\{CEBFF5CD-ACE2-4F4F-9178-9926F41749EA}\Count
{CEBFF5CD-ACE2-4F4F-9178-9926F41749EA},Q:\Fbsgjnerf\naqebvq-fghqvb-cnaqn1-cngpu1-jvaqbjf.rkr,D:\Softwares\android-studio-panda1-patch1-windows.exe,REG_BINARY,Software\Microsoft\Windows\CurrentVersion\Explorer\UserAssist\{CEBFF5CD-ACE2-4F4F-9178-9926F41749EA}\Count
{CEBFF5CD-ACE2-4F4F-9178-9926F41749EA},{6Q809377-6NS0-444O-8957-N3773S02200R}\Naqebvq\Naqebvq Fghqvb\ova\fghqvb64.rkr,{6D809377-6AF0-444B-8957-A3773F02200E}\Android\Android Studio\bin\studio64.exe,REG_BINARY,Software\Microsoft\Windows\CurrentVersion\Explorer\UserAssist\{CEBFF5CD-ACE2-4F4F-9178-9926F41749EA}\Count
{CEBFF5CD-ACE2-4F4F-9178-9926F41749EA},Q:\Fbsgjnerf\Tvg-2.53.0-64-ovg.rkr,D:\Softwares\Git-2.53.0-64-bit.exe,REG_BINARY,Software\Microsoft\Windows\CurrentVersion\Explorer\UserAssist\{CEBFF5CD-ACE2-4F4F-9178-9926F41749EA}\Count
{CEBFF5CD-ACE2-4F4F-9178-9926F41749EA},Q:\Fbsgjnerf\BssvprFrghc.rkr,D:\Softwares\OfficeSetup.exe,REG_BINARY,Software\Microsoft\Windows\CurrentVersion\Explorer\UserAssist\{CEBFF5CD-ACE2-4F4F-9178-9926F41749EA}\Count
{CEBFF5CD-ACE2-4F4F-9178-9926F41749EA},Puebzr.syhggregbbyfpue3s47rq11.Qrsnhyg,Chrome.fluttertoolschr3f47ed11.Default,REG_BINARY,Software\Microsoft\Windows\CurrentVersion\Explorer\UserAssist\{CEBFF5CD-ACE2-4F4F-9178-9926F41749EA}\Count
{CEBFF5CD-ACE2-4F4F-9178-9926F41749EA},Puebzr.syhggregbbyfpue9r9qp44r.Qrsnhyg,Chrome.fluttertoolschr9e9dc44e.Default,REG_BINARY,Software\Microsoft\Windows\CurrentVersion\Explorer\UserAssist\{CEBFF5CD-ACE2-4F4F-9178-9926F41749EA}\Count
{CEBFF5CD-ACE2-4F4F-9178-9926F41749EA},P:\Hfref\Obff\fbhepr\ercbf\fhcreznexrg\ova\Qroht\fhcreznexrg.rkr,C:\Users\Boss\source\repos\supermarket\bin\Debug\supermarket.exe,REG_BINARY,Software\Microsoft\Windows\CurrentVersion\Explorer\UserAssist\{CEBFF5CD-ACE2-4F4F-9178-9926F41749EA}\Count
{CEBFF5CD-ACE2-4F4F-9178-9926F41749EA},Puebzr.syhggregbbyfpueo7s970o6.Qrsnhyg,Chrome.fluttertoolschrb7f970b6.Default,REG_BINARY,Software\Microsoft\Windows\CurrentVersion\Explorer\UserAssist\{CEBFF5CD-ACE2-4F4F-9178-9926F41749EA}\Count
{CEBFF5CD-ACE2-4F4F-9178-9926F41749EA},Puebzr.syhggregbbyfpue88271681.Qrsnhyg,Chrome.fluttertoolschr88271681.Default,REG_BINARY,Software\Microsoft\Windows\CurrentVersion\Explorer\UserAssist\{CEBFF5CD-ACE2-4F4F-9178-9926F41749EA}\Count
{CEBFF5CD-ACE2-4F4F-9178-9926F41749EA},Puebzr.syhggregbbyfpue68r01879.Qrsnhyg,Chrome.fluttertoolschr68e01879.Default,REG_BINARY,Software\Microsoft\Windows\CurrentVersion\Explorer\UserAssist\{CEBFF5CD-ACE2-4F4F-9178-9926F41749EA}\Count
{CEBFF5CD-ACE2-4F4F-9178-9926F41749EA},P:\Hfref\Obff\fbhepr\ercbf\PEZF\ova\Qroht\PEZF.rkr,C:\Users\Boss\source\repos\CRMS\bin\Debug\CRMS.exe,REG_BINARY,Software\Microsoft\Windows\CurrentVersion\Explorer\UserAssist\{CEBFF5CD-ACE2-4F4F-9178-9926F41749EA}\Count
{CEBFF5CD-ACE2-4F4F-9178-9926F41749EA},Puebzr.syhggregbbyfpue475p5p98.Qrsnhyg,Chrome.fluttertoolschr475c5c98.Default,REG_BINARY,Software\Microsoft\Windows\CurrentVersion\Explorer\UserAssist\{CEBFF5CD-ACE2-4F4F-9178-9926F41749EA}\Count
{CEBFF5CD-ACE2-4F4F-9178-9926F41749EA},Q:\Fbsgjnerf\if_FFZF.rkr,D:\Softwares\vs_SSMS.exe,REG_BINARY,Software\Microsoft\Windows\CurrentVersion\Explorer\UserAssist\{CEBFF5CD-ACE2-4F4F-9178-9926F41749EA}\Count
{CEBFF5CD-ACE2-4F4F-9178-9926F41749EA},P:\Hfref\Obff\NccQngn\Ybpny\Grzc\93250r844o380r70133966qn\if_obbgfgenccre_q15\if_frghc_obbgfgenccre.rkr,C:\Users\Boss\AppData\Local\Temp\93250e844b380e70133966da\vs_bootstrapper_d15\vs_setup_bootstrapper.exe,REG_BINARY,Software\Microsoft\Windows\CurrentVersion\Explorer\UserAssist\{CEBFF5CD-ACE2-4F4F-9178-9926F41749EA}\Count
{CEBFF5CD-ACE2-4F4F-9178-9926F41749EA},Q:\Fbsgjnerf\FDY2025-FFRV-FgqQri.rkr,D:\Softwares\SQL2025-SSEI-StdDev.exe,REG_BINARY,Software\Microsoft\Windows\CurrentVersion\Explorer\UserAssist\{CEBFF5CD-ACE2-4F4F-9178-9926F41749EA}\Count
{CEBFF5CD-ACE2-4F4F-9178-9926F41749EA},{6Q809377-6NS0-444O-8957-N3773S02200R}\Zvpebfbsg FDY Freire\Pyvrag FQX\BQOP\180\Gbbyf\Ovaa\FDYPZQ.RKR,{6D809377-6AF0-444B-8957-A3773F02200E}\Microsoft SQL Server\Client SDK\ODBC\180\Tools\Binn\SQLCMD.EXE,REG_BINARY,Software\Microsoft\Windows\CurrentVersion\Explorer\UserAssist\{CEBFF5CD-ACE2-4F4F-9178-9926F41749EA}\Count
{CEBFF5CD-ACE2-4F4F-9178-9926F41749EA},P:\Hfref\Obff\Qbjaybnqf\if_FFZF.rkr,C:\Users\Boss\Downloads\vs_SSMS.exe,REG_BINARY,Software\Microsoft\Windows\CurrentVersion\Explorer\UserAssist\{CEBFF5CD-ACE2-4F4F-9178-9926F41749EA}\Count
{CEBFF5CD-ACE2-4F4F-9178-9926F41749EA},P:\Hfref\Obff\NccQngn\Ybpny\Grzc\0pp921n225207s42n9srp9r5r7\if_obbgfgenccre_q15\if_frghc_obbgfgenccre.rkr,C:\Users\Boss\AppData\Local\Temp\0cc921a225207f42a9fec9e5e7\vs_bootstrapper_d15\vs_setup_bootstrapper.exe,REG_BINARY,Software\Microsoft\Windows\CurrentVersion\Explorer\UserAssist\{CEBFF5CD-ACE2-4F4F-9178-9926F41749EA}\Count
{CEBFF5CD-ACE2-4F4F-9178-9926F41749EA},Q:\Fbsgjnerf\FDY2025-FFRV-Rkce.rkr,D:\Softwares\SQL2025-SSEI-Expr.exe,REG_BINARY,Software\Microsoft\Windows\CurrentVersion\Explorer\UserAssist\{CEBFF5CD-ACE2-4F4F-9178-9926F41749EA}\Count
{CEBFF5CD-ACE2-4F4F-9178-9926F41749EA},P:\Hfref\Obff\NccQngn\Ybpny\Grzc\n1s9oopo307r33640n5q\if_obbgfgenccre_q15\if_frghc_obbgfgenccre.rkr,C:\Users\Boss\AppData\Local\Temp\a1f9bbcb307e33640a5d\vs_bootstrapper_d15\vs_setup_bootstrapper.exe,REG_BINARY,Software\Microsoft\Windows\CurrentVersion\Explorer\UserAssist\{CEBFF5CD-ACE2-4F4F-9178-9926F41749EA}\Count
{CEBFF5CD-ACE2-4F4F-9178-9926F41749EA},FFZF.s177no57,SSMS.f177ab57,REG_BINARY,Software\Microsoft\Windows\CurrentVersion\Explorer\UserAssist\{CEBFF5CD-ACE2-4F4F-9178-9926F41749EA}\Count
{CEBFF5CD-ACE2-4F4F-9178-9926F41749EA},{6Q809377-6NS0-444O-8957-N3773S02200R}\Zvpebfbsg FDY Freire\170\Frghc Obbgfgenc\FDY2025\k64\YnaqvatCntr.rkr,{6D809377-6AF0-444B-8957-A3773F02200E}\Microsoft SQL Server\170\Setup Bootstrap\SQL2025\x64\LandingPage.exe,REG_BINARY,Software\Microsoft\Windows\CurrentVersion\Explorer\UserAssist\{CEBFF5CD-ACE2-4F4F-9178-9926F41749EA}\Count
{CEBFF5CD-ACE2-4F4F-9178-9926F41749EA},P:\Hfref\Obff\NccQngn\Ybpny\Grzc\q1n38osqo4q055p6pp3n\if_obbgfgenccre_q15\if_frghc_obbgfgenccre.rkr,C:\Users\Boss\AppData\Local\Temp\d1a38bfdb4d055c6cc3a\vs_bootstrapper_d15\vs_setup_bootstrapper.exe,REG_BINARY,Software\Microsoft\Windows\CurrentVersion\Explorer\UserAssist\{CEBFF5CD-ACE2-4F4F-9178-9926F41749EA}\Count
{CEBFF5CD-ACE2-4F4F-9178-9926F41749EA},Q:\Fbsgjnerf\FDY2025-FFRV-FgqQri (1).rkr,D:\Softwares\SQL2025-SSEI-StdDev (1).exe,REG_BINARY,Software\Microsoft\Windows\CurrentVersion\Explorer\UserAssist\{CEBFF5CD-ACE2-4F4F-9178-9926F41749EA}\Count
{CEBFF5CD-ACE2-4F4F-9178-9926F41749EA},{6Q809377-6NS0-444O-8957-N3773S02200R}\Zvpebfbsg FDY Freire\170\Frghc Obbgfgenc\FDY2025\k64\FrghcNEC.rkr,{6D809377-6AF0-444B-8957-A3773F02200E}\Microsoft SQL Server\170\Setup Bootstrap\SQL2025\x64\SetupARP.exe,REG_BINARY,Software\Microsoft\Windows\CurrentVersion\Explorer\UserAssist\{CEBFF5CD-ACE2-4F4F-9178-9926F41749EA}\Count
{CEBFF5CD-ACE2-4F4F-9178-9926F41749EA},{6Q809377-6NS0-444O-8957-N3773S02200R}\Zvpebfbsg FDY Freire\170\Frghc Obbgfgenc\FDY2025\k64\FpranevbRatvar.rkr,{6D809377-6AF0-444B-8957-A3773F02200E}\Microsoft SQL Server\170\Setup Bootstrap\SQL2025\x64\ScenarioEngine.exe,REG_BINARY,Software\Microsoft\Windows\CurrentVersion\Explorer\UserAssist\{CEBFF5CD-ACE2-4F4F-9178-9926F41749EA}\Count
{CEBFF5CD-ACE2-4F4F-9178-9926F41749EA},Q:\Fbsgjnerf\FDY2025-FFRV-FgqQri (2).rkr,D:\Softwares\SQL2025-SSEI-StdDev (2).exe,REG_BINARY,Software\Microsoft\Windows\CurrentVersion\Explorer\UserAssist\{CEBFF5CD-ACE2-4F4F-9178-9926F41749EA}\Count
{CEBFF5CD-ACE2-4F4F-9178-9926F41749EA},P:\Hfref\Obff\Qbjaybnqf\if_FFZF(1).rkr,C:\Users\Boss\Downloads\vs_SSMS(1).exe,REG_BINARY,Software\Microsoft\Windows\CurrentVersion\Explorer\UserAssist\{CEBFF5CD-ACE2-4F4F-9178-9926F41749EA}\Count
{CEBFF5CD-ACE2-4F4F-9178-9926F41749EA},P:\Hfref\Obff\NccQngn\Ybpny\Grzc\331803rq6s905732n948p335\if_obbgfgenccre_q15\if_frghc_obbgfgenccre.rkr,C:\Users\Boss\AppData\Local\Temp\331803ed6f905732a948c335\vs_bootstrapper_d15\vs_setup_bootstrapper.exe,REG_BINARY,Software\Microsoft\Windows\CurrentVersion\Explorer\UserAssist\{CEBFF5CD-ACE2-4F4F-9178-9926F41749EA}\Count
{CEBFF5CD-ACE2-4F4F-9178-9926F41749EA},FFZF.pp73o366,SSMS.cc73b366,REG_BINARY,Software\Microsoft\Windows\CurrentVersion\Explorer\UserAssist\{CEBFF5CD-ACE2-4F4F-9178-9926F41749EA}\Count
{CEBFF5CD-ACE2-4F4F-9178-9926F41749EA},Q:\6 Frzrfgre\IC\Cebwrpg\PEZF\ova\Qroht\PEZF.rkr,D:\6 Semester\VP\Project\CRMS\bin\Debug\CRMS.exe,REG_BINARY,Software\Microsoft\Windows\CurrentVersion\Explorer\UserAssist\{CEBFF5CD-ACE2-4F4F-9178-9926F41749EA}\Count
{CEBFF5CD-ACE2-4F4F-9178-9926F41749EA},Zvpebfbsg.Jvaqbjf.Nccerc.PukNcc_pj5a1u2gklrjl!Ncc,Microsoft.Windows.Apprep.ChxApp_cw5n1h2txyewy!App,REG_BINARY,Software\Microsoft\Windows\CurrentVersion\Explorer\UserAssist\{CEBFF5CD-ACE2-4F4F-9178-9926F41749EA}\Count
{CEBFF5CD-ACE2-4F4F-9178-9926F41749EA},mbbz.hf.Mbbz Ivqrb Zrrgvatf,zoom.us.Zoom Video Meetings,REG_BINARY,Software\Microsoft\Windows\CurrentVersion\Explorer\UserAssist\{CEBFF5CD-ACE2-4F4F-9178-9926F41749EA}\Count
{CEBFF5CD-ACE2-4F4F-9178-9926F41749EA},{1NP14R77-02R7-4R5Q-O744-2RO1NR5198O7}\rsfhv.rkr,{1AC14E77-02E7-4E5D-B744-2EB1AE5198B7}\efsui.exe,REG_BINARY,Software\Microsoft\Windows\CurrentVersion\Explorer\UserAssist\{CEBFF5CD-ACE2-4F4F-9178-9926F41749EA}\Count
{CEBFF5CD-ACE2-4F4F-9178-9926F41749EA},Q:\CQ\Flfgrz.ong,D:\PD\System.bat,REG_BINARY,Software\Microsoft\Windows\CurrentVersion\Explorer\UserAssist\{CEBFF5CD-ACE2-4F4F-9178-9926F41749EA}\Count
{CEBFF5CD-ACE2-4F4F-9178-9926F41749EA},Q:\6 Frzrfgre\IC\Cebwrpg\Ybtva\ova\Qroht\Ybtva.rkr,D:\6 Semester\VP\Project\Login\bin\Debug\Login.exe,REG_BINARY,Software\Microsoft\Windows\CurrentVersion\Explorer\UserAssist\{CEBFF5CD-ACE2-4F4F-9178-9926F41749EA}\Count
{CEBFF5CD-ACE2-4F4F-9178-9926F41749EA},Puebzr.syhggregbbyfpues9r63r99.Qrsnhyg,Chrome.fluttertoolschrf9e63e99.Default,REG_BINARY,Software\Microsoft\Windows\CurrentVersion\Explorer\UserAssist\{CEBFF5CD-ACE2-4F4F-9178-9926F41749EA}\Count
{CEBFF5CD-ACE2-4F4F-9178-9926F41749EA},Puebzr.syhggregbbyfpue.rrpn4pp.Qrsnhyg,Chrome.fluttertoolschr.eeca4cc.Default,REG_BINARY,Software\Microsoft\Windows\CurrentVersion\Explorer\UserAssist\{CEBFF5CD-ACE2-4F4F-9178-9926F41749EA}\Count
{CEBFF5CD-ACE2-4F4F-9178-9926F41749EA},Q:\6 Frzrfgre\IC\Cebwrpg\YvoenenlZnantrazrag flfgrz\ova\Qroht\YvoenenlZnantrazrag flfgrz.rkr,D:\6 Semester\VP\Project\LibrarayManagenment system\bin\Debug\LibrarayManagenment system.exe,REG_BINARY,Software\Microsoft\Windows\CurrentVersion\Explorer\UserAssist\{CEBFF5CD-ACE2-4F4F-9178-9926F41749EA}\Count
{CEBFF5CD-ACE2-4F4F-9178-9926F41749EA},Puebzr.syhggregbbyfpuer75oqq17.Qrsnhyg,Chrome.fluttertoolschre75bdd17.Default,REG_BINARY,Software\Microsoft\Windows\CurrentVersion\Explorer\UserAssist\{CEBFF5CD-ACE2-4F4F-9178-9926F41749EA}\Count
{CEBFF5CD-ACE2-4F4F-9178-9926F41749EA},Puebzr.HfreQngn.Cebsvyr2,Chrome.UserData.Profile2,REG_BINARY,Software\Microsoft\Windows\CurrentVersion\Explorer\UserAssist\{CEBFF5CD-ACE2-4F4F-9178-9926F41749EA}\Count
{CEBFF5CD-ACE2-4F4F-9178-9926F41749EA},ZFGrnzf_8jrxlo3q8oojr!ZFGrnzf,MSTeams_8wekyb3d8bbwe!MSTeams,REG_BINARY,Software\Microsoft\Windows\CurrentVersion\Explorer\UserAssist\{CEBFF5CD-ACE2-4F4F-9178-9926F41749EA}\Count
{CEBFF5CD-ACE2-4F4F-9178-9926F41749EA},Q:\6 Frzrfgre\IC\Cebwrpg\Znantrzrag\ova\Qroht\Znantrzrag.rkr,D:\6 Semester\VP\Project\Management\bin\Debug\Management.exe,REG_BINARY,Software\Microsoft\Windows\CurrentVersion\Explorer\UserAssist\{CEBFF5CD-ACE2-4F4F-9178-9926F41749EA}\Count
{CEBFF5CD-ACE2-4F4F-9178-9926F41749EA},P:\Hfref\Obff\Qbjaybnqf\TYC_vafgnyyre_900223150_znexrg.rkr,C:\Users\Boss\Downloads\GLP_installer_900223150_market.exe,REG_BINARY,Software\Microsoft\Windows\CurrentVersion\Explorer\UserAssist\{CEBFF5CD-ACE2-4F4F-9178-9926F41749EA}\Count
{CEBFF5CD-ACE2-4F4F-9178-9926F41749EA},{6Q809377-6NS0-444O-8957-N3773S02200R}\JvaqbjfNccf\Zvpebfbsg.FperraFxrgpu_11.2601.0.0_k64__8jrxlo3q8oojr\FavccvatGbby\FavccvatGbby.rkr,{6D809377-6AF0-444B-8957-A3773F02200E}\WindowsApps\Microsoft.ScreenSketch_11.2601.0.0_x64__8wekyb3d8bbwe\SnippingTool\SnippingTool.exe,REG_BINARY,Software\Microsoft\Windows\CurrentVersion\Explorer\UserAssist\{CEBFF5CD-ACE2-4F4F-9178-9926F41749EA}\Count
{CEBFF5CD-ACE2-4F4F-9178-9926F41749EA},Zvpebfbsg.FrpUrnyguHV_8jrxlo3q8oojr!FrpUrnyguHV,Microsoft.SecHealthUI_8wekyb3d8bbwe!SecHealthUI,REG_BINARY,Software\Microsoft\Windows\CurrentVersion\Explorer\UserAssist\{CEBFF5CD-ACE2-4F4F-9178-9926F41749EA}\Count
{CEBFF5CD-ACE2-4F4F-9178-9926F41749EA},{1NP14R77-02R7-4R5Q-O744-2RO1NR5198O7}\FuryyUbfg.rkr,{1AC14E77-02E7-4E5D-B744-2EB1AE5198B7}\ShellHost.exe,REG_BINARY,Software\Microsoft\Windows\CurrentVersion\Explorer\UserAssist\{CEBFF5CD-ACE2-4F4F-9178-9926F41749EA}\Count
{CEBFF5CD-ACE2-4F4F-9178-9926F41749EA},P:\Hfref\Obff\Qbjaybnqf\ZrqvnPerngvbaGbby_22U2.rkr,C:\Users\Boss\Downloads\MediaCreationTool_22H2.exe,REG_BINARY,Software\Microsoft\Windows\CurrentVersion\Explorer\UserAssist\{CEBFF5CD-ACE2-4F4F-9178-9926F41749EA}\Count
{CEBFF5CD-ACE2-4F4F-9178-9926F41749EA},P:\$Jvaqbjf.~JF\Fbheprf\FrghcUbfg.rkr,C:\$Windows.~WS\Sources\SetupHost.exe,REG_BINARY,Software\Microsoft\Windows\CurrentVersion\Explorer\UserAssist\{CEBFF5CD-ACE2-4F4F-9178-9926F41749EA}\Count
{CEBFF5CD-ACE2-4F4F-9178-9926F41749EA},Zvpebfbsg.Pbcvybg_8jrxlo3q8oojr!Ncc,Microsoft.Copilot_8wekyb3d8bbwe!App,REG_BINARY,Software\Microsoft\Windows\CurrentVersion\Explorer\UserAssist\{CEBFF5CD-ACE2-4F4F-9178-9926F41749EA}\Count
{CEBFF5CD-ACE2-4F4F-9178-9926F41749EA},{6Q809377-6NS0-444O-8957-N3773S02200R}\JvaqbjfNccf\Zvpebfbsg.Pbcvybg_1.25121.84.0_k64__8jrxlo3q8oojr\Pbcvybg.rkr,{6D809377-6AF0-444B-8957-A3773F02200E}\WindowsApps\Microsoft.Copilot_1.25121.84.0_x64__8wekyb3d8bbwe\Copilot.exe,REG_BINARY,Software\Microsoft\Windows\CurrentVersion\Explorer\UserAssist\{CEBFF5CD-ACE2-4F4F-9178-9926F41749EA}\Count
{CEBFF5CD-ACE2-4F4F-9178-9926F41749EA},{6Q809377-6NS0-444O-8957-N3773S02200R}\JvaqbjfNccf\Zvpebfbsg.FperraFxrgpu_11.2601.2.0_k64__8jrxlo3q8oojr\FavccvatGbby\FavccvatGbby.rkr,{6D809377-6AF0-444B-8957-A3773F02200E}\WindowsApps\Microsoft.ScreenSketch_11.2601.2.0_x64__8wekyb3d8bbwe\SnippingTool\SnippingTool.exe,REG_BINARY,Software\Microsoft\Windows\CurrentVersion\Explorer\UserAssist\{CEBFF5CD-ACE2-4F4F-9178-9926F41749EA}\Count
{CEBFF5CD-ACE2-4F4F-9178-9926F41749EA},Zvpebfbsg.JvaqbjfPnzren_8jrxlo3q8oojr!Ncc,Microsoft.WindowsCamera_8wekyb3d8bbwe!App,REG_BINARY,Software\Microsoft\Windows\CurrentVersion\Explorer\UserAssist\{CEBFF5CD-ACE2-4F4F-9178-9926F41749EA}\Count
{CEBFF5CD-ACE2-4F4F-9178-9926F41749EA},{6Q809377-6NS0-444O-8957-N3773S02200R}\JvaqbjfNccf\Zvpebfbsg.JvaqbjfAbgrcnq_11.2512.26.0_k64__8jrxlo3q8oojr\Abgrcnq\Abgrcnq.rkr,{6D809377-6AF0-444B-8957-A3773F02200E}\WindowsApps\Microsoft.WindowsNotepad_11.2512.26.0_x64__8wekyb3d8bbwe\Notepad\Notepad.exe,REG_BINARY,Software\Microsoft\Windows\CurrentVersion\Explorer\UserAssist\{CEBFF5CD-ACE2-4F4F-9178-9926F41749EA}\Count
{CEBFF5CD-ACE2-4F4F-9178-9926F41749EA},Q:\Fbsgjnerf\Pbqrk Vafgnyyre.rkr,D:\Softwares\Codex Installer.exe,REG_BINARY,Software\Microsoft\Windows\CurrentVersion\Explorer\UserAssist\{CEBFF5CD-ACE2-4F4F-9178-9926F41749EA}\Count
{CEBFF5CD-ACE2-4F4F-9178-9926F41749EA},BcraNV.Pbqrk_2c2adfq0p76t0!Ncc,OpenAI.Codex_2p2nqsd0c76g0!App,REG_BINARY,Software\Microsoft\Windows\CurrentVersion\Explorer\UserAssist\{CEBFF5CD-ACE2-4F4F-9178-9926F41749EA}\Count
{CEBFF5CD-ACE2-4F4F-9178-9926F41749EA},{7P5N40RS-N0SO-4OSP-874N-P0S2R0O9SN8R}\Zvpebfbsg\Pbcvybg\Nccyvpngvba\zfpbcvybg_cebkl.rkr,{7C5A40EF-A0FB-4BFC-874A-C0F2E0B9FA8E}\Microsoft\Copilot\Application\mscopilot_proxy.exe,REG_BINARY,Software\Microsoft\Windows\CurrentVersion\Explorer\UserAssist\{CEBFF5CD-ACE2-4F4F-9178-9926F41749EA}\Count
{CEBFF5CD-ACE2-4F4F-9178-9926F41749EA},Zvpebfbsg.NhgbTrarengrq.{P8ONS7O2-46O4-5S6N-3P44-26810RQQP789},Microsoft.AutoGenerated.{C8BAF7B2-46B4-5F6A-3C44-26810EDDC789},REG_BINARY,Software\Microsoft\Windows\CurrentVersion\Explorer\UserAssist\{CEBFF5CD-ACE2-4F4F-9178-9926F41749EA}\Count
{CEBFF5CD-ACE2-4F4F-9178-9926F41749EA},{6Q809377-6NS0-444O-8957-N3773S02200R}\JvaqbjfNccf\Zvpebfbsg.FperraFxrgpu_11.2601.12.0_k64__8jrxlo3q8oojr\FavccvatGbby\FavccvatGbby.rkr,{6D809377-6AF0-444B-8957-A3773F02200E}\WindowsApps\Microsoft.ScreenSketch_11.2601.12.0_x64__8wekyb3d8bbwe\SnippingTool\SnippingTool.exe,REG_BINARY,Software\Microsoft\Windows\CurrentVersion\Explorer\UserAssist\{CEBFF5CD-ACE2-4F4F-9178-9926F41749EA}\Count
{CEBFF5CD-ACE2-4F4F-9178-9926F41749EA},Q:\Fbsgjnerf\ByynznFrghc.rkr,D:\Softwares\OllamaSetup.exe,REG_BINARY,Software\Microsoft\Windows\CurrentVersion\Explorer\UserAssist\{CEBFF5CD-ACE2-4F4F-9178-9926F41749EA}\Count
{CEBFF5CD-ACE2-4F4F-9178-9926F41749EA},P:\Hfref\Obff\NccQngn\Ybpny\Cebtenzf\Byynzn\byynzn ncc.rkr,C:\Users\Boss\AppData\Local\Programs\Ollama\ollama app.exe,REG_BINARY,Software\Microsoft\Windows\CurrentVersion\Explorer\UserAssist\{CEBFF5CD-ACE2-4F4F-9178-9926F41749EA}\Count
{CEBFF5CD-ACE2-4F4F-9178-9926F41749EA},Q:\6 Frzrfgre\ZNQ\Yno\yno_8\ohvyq\jvaqbjf\k64\ehaare\Qroht\yno_8.rkr,D:\6 Semester\MAD\Lab\lab_8\build\windows\x64\runner\Debug\lab_8.exe,REG_BINARY,Software\Microsoft\Windows\CurrentVersion\Explorer\UserAssist\{CEBFF5CD-ACE2-4F4F-9178-9926F41749EA}\Count
{CEBFF5CD-ACE2-4F4F-9178-9926F41749EA},Q:\6 Frzrfgre\ZNQ\Yno\yno_08\ohvyq\jvaqbjf\k64\ehaare\Qroht\yno_08.rkr,D:\6 Semester\MAD\Lab\lab_08\build\windows\x64\runner\Debug\lab_08.exe,REG_BINARY,Software\Microsoft\Windows\CurrentVersion\Explorer\UserAssist\{CEBFF5CD-ACE2-4F4F-9178-9926F41749EA}\Count
{CEBFF5CD-ACE2-4F4F-9178-9926F41749EA},Q:\6 Frzrfgre\ZNQ\Yno\yno_07\ohvyq\jvaqbjf\k64\ehaare\Qroht\yno_07.rkr,D:\6 Semester\MAD\Lab\lab_07\build\windows\x64\runner\Debug\lab_07.exe,REG_BINARY,Software\Microsoft\Windows\CurrentVersion\Explorer\UserAssist\{CEBFF5CD-ACE2-4F4F-9178-9926F41749EA}\Count
{CEBFF5CD-ACE2-4F4F-9178-9926F41749EA},{S38OS404-1Q43-42S2-9305-67QR0O28SP23}\ertrqvg.rkr,{F38BF404-1D43-42F2-9305-67DE0B28FC23}\regedit.exe,REG_BINARY,Software\Microsoft\Windows\CurrentVersion\Explorer\UserAssist\{CEBFF5CD-ACE2-4F4F-9178-9926F41749EA}\Count
{CEBFF5CD-ACE2-4F4F-9178-9926F41749EA},Zvpebfbsg.NhgbTrarengrq.{OO044OSQ-25O7-2SNN-22N8-6371N93R0456},Microsoft.AutoGenerated.{BB044BFD-25B7-2FAA-22A8-6371A93E0456},REG_BINARY,Software\Microsoft\Windows\CurrentVersion\Explorer\UserAssist\{CEBFF5CD-ACE2-4F4F-9178-9926F41749EA}\Count
{CEBFF5CD-ACE2-4F4F-9178-9926F41749EA},{1NP14R77-02R7-4R5Q-O744-2RO1NR5198O7}\riragije.rkr,{1AC14E77-02E7-4E5D-B744-2EB1AE5198B7}\eventvwr.exe,REG_BINARY,Software\Microsoft\Windows\CurrentVersion\Explorer\UserAssist\{CEBFF5CD-ACE2-4F4F-9178-9926F41749EA}\Count
{CEBFF5CD-ACE2-4F4F-9178-9926F41749EA},Q:\6 Frzrfgre\IC\Cebwrpg\Cenpgvprf_Ragvgl\ova\Qroht\Cenpgvprf_Ragvgl.rkr,D:\6 Semester\VP\Project\Practices_Entity\bin\Debug\Practices_Entity.exe,REG_BINARY,Software\Microsoft\Windows\CurrentVersion\Explorer\UserAssist\{CEBFF5CD-ACE2-4F4F-9178-9926F41749EA}\Count
{CEBFF5CD-ACE2-4F4F-9178-9926F41749EA},Q:\6 Frzrfgre\IC\Cebwrpg\RS_Cebwrpg\ova\Qroht\RS_Cebwrpg.rkr,D:\6 Semester\VP\Project\EF_Project\bin\Debug\EF_Project.exe,REG_BINARY,Software\Microsoft\Windows\CurrentVersion\Explorer\UserAssist\{CEBFF5CD-ACE2-4F4F-9178-9926F41749EA}\Count
{CEBFF5CD-ACE2-4F4F-9178-9926F41749EA},Q:\6 Frzrfgre\IC\Cebwrpg\SvanyYno\ova\Qroht\SvanyYno.rkr,D:\6 Semester\VP\Project\FinalLab\bin\Debug\FinalLab.exe,REG_BINARY,Software\Microsoft\Windows\CurrentVersion\Explorer\UserAssist\{CEBFF5CD-ACE2-4F4F-9178-9926F41749EA}\Count
{CEBFF5CD-ACE2-4F4F-9178-9926F41749EA},Q:\6 Frzrfgre\ZNQ\Yno\yno_9\ohvyq\jvaqbjf\k64\ehaare\Qroht\yno_9.rkr,D:\6 Semester\MAD\Lab\lab_9\build\windows\x64\runner\Debug\lab_9.exe,REG_BINARY,Software\Microsoft\Windows\CurrentVersion\Explorer\UserAssist\{CEBFF5CD-ACE2-4F4F-9178-9926F41749EA}\Count
{CEBFF5CD-ACE2-4F4F-9178-9926F41749EA},Q:\6 Frzrfgre\ZNQ\Yno\yno_12\ohvyq\jvaqbjf\k64\ehaare\Qroht\yno_12.rkr,D:\6 Semester\MAD\Lab\lab_12\build\windows\x64\runner\Debug\lab_12.exe,REG_BINARY,Software\Microsoft\Windows\CurrentVersion\Explorer\UserAssist\{CEBFF5CD-ACE2-4F4F-9178-9926F41749EA}\Count
{CEBFF5CD-ACE2-4F4F-9178-9926F41749EA},Puebzr.syhggregbbyfpue5810o6o4.Qrsnhyg,Chrome.fluttertoolschr5810b6b4.Default,REG_BINARY,Software\Microsoft\Windows\CurrentVersion\Explorer\UserAssist\{CEBFF5CD-ACE2-4F4F-9178-9926F41749EA}\Count
{CEBFF5CD-ACE2-4F4F-9178-9926F41749EA},Puebzr.syhggregbbyfpuen2280014.Qrsnhyg,Chrome.fluttertoolschra2280014.Default,REG_BINARY,Software\Microsoft\Windows\CurrentVersion\Explorer\UserAssist\{CEBFF5CD-ACE2-4F4F-9178-9926F41749EA}\Count
{CEBFF5CD-ACE2-4F4F-9178-9926F41749EA},Zvpebfbsg.ZvpebfbsgRqtr.Fgnoyr_8jrxlo3q8oojr!Ncc:ZFRqtr._cva_uacswatyyasncrsbnvqovazwaz,Microsoft.MicrosoftEdge.Stable_8wekyb3d8bbwe!App:MSEdge._pin_hnpfjngllnfapefoaidbinmjnm,REG_BINARY,Software\Microsoft\Windows\CurrentVersion\Explorer\UserAssist\{CEBFF5CD-ACE2-4F4F-9178-9926F41749EA}\Count
{CEBFF5CD-ACE2-4F4F-9178-9926F41749EA},Puebzr.syhggregbbyfpue1sro9412.Qrsnhyg,Chrome.fluttertoolschr1feb9412.Default,REG_BINARY,Software\Microsoft\Windows\CurrentVersion\Explorer\UserAssist\{CEBFF5CD-ACE2-4F4F-9178-9926F41749EA}\Count
{CEBFF5CD-ACE2-4F4F-9178-9926F41749EA},Puebzr.syhggregbbyfpue80q8834o.Qrsnhyg,Chrome.fluttertoolschr80d8834b.Default,REG_BINARY,Software\Microsoft\Windows\CurrentVersion\Explorer\UserAssist\{CEBFF5CD-ACE2-4F4F-9178-9926F41749EA}\Count
{CEBFF5CD-ACE2-4F4F-9178-9926F41749EA},Puebzr.syhggregbbyfpue6452rppr.Qrsnhyg,Chrome.fluttertoolschr6452ecce.Default,REG_BINARY,Software\Microsoft\Windows\CurrentVersion\Explorer\UserAssist\{CEBFF5CD-ACE2-4F4F-9178-9926F41749EA}\Count
{CEBFF5CD-ACE2-4F4F-9178-9926F41749EA},Puebzr.syhggregbbyfpue5r62po38.Qrsnhyg,Chrome.fluttertoolschr5e62cb38.Default,REG_BINARY,Software\Microsoft\Windows\CurrentVersion\Explorer\UserAssist\{CEBFF5CD-ACE2-4F4F-9178-9926F41749EA}\Count
{CEBFF5CD-ACE2-4F4F-9178-9926F41749EA},Q:\6 Frzrfgre\ZNQ\Yno\qrpbengvba\ohvyq\jvaqbjf\k64\ehaare\Qroht\qrpbengvba.rkr,D:\6 Semester\MAD\Lab\decoration\build\windows\x64\runner\Debug\decoration.exe,REG_BINARY,Software\Microsoft\Windows\CurrentVersion\Explorer\UserAssist\{CEBFF5CD-ACE2-4F4F-9178-9926F41749EA}\Count
{CEBFF5CD-ACE2-4F4F-9178-9926F41749EA},Q:\6 Frzrfgre\ZNQ\Yno\obggbzcenpgvprn\ohvyq\jvaqbjf\k64\ehaare\Qroht\obggbzcenpgvprn.rkr,D:\6 Semester\MAD\Lab\bottompracticea\build\windows\x64\runner\Debug\bottompracticea.exe,REG_BINARY,Software\Microsoft\Windows\CurrentVersion\Explorer\UserAssist\{CEBFF5CD-ACE2-4F4F-9178-9926F41749EA}\Count
{CEBFF5CD-ACE2-4F4F-9178-9926F41749EA},Q:\6 Frzrfgre\ZNQ\Yno\qenjre\ohvyq\jvaqbjf\k64\ehaare\Qroht\qenjre.rkr,D:\6 Semester\MAD\Lab\drawer\build\windows\x64\runner\Debug\drawer.exe,REG_BINARY,Software\Microsoft\Windows\CurrentVersion\Explorer\UserAssist\{CEBFF5CD-ACE2-4F4F-9178-9926F41749EA}\Count
{CEBFF5CD-ACE2-4F4F-9178-9926F41749EA},Q:\6 Frzrfgre\ZNQ\Yno\yvfgivrjre\ohvyq\jvaqbjf\k64\ehaare\Qroht\yvfgivrjre.rkr,D:\6 Semester\MAD\Lab\listviewer\build\windows\x64\runner\Debug\listviewer.exe,REG_BINARY,Software\Microsoft\Windows\CurrentVersion\Explorer\UserAssist\{CEBFF5CD-ACE2-4F4F-9178-9926F41749EA}\Count
{CEBFF5CD-ACE2-4F4F-9178-9926F41749EA},Puebzr.syhggregbbyfpue4p3pr605.Qrsnhyg,Chrome.fluttertoolschr4c3ce605.Default,REG_BINARY,Software\Microsoft\Windows\CurrentVersion\Explorer\UserAssist\{CEBFF5CD-ACE2-4F4F-9178-9926F41749EA}\Count
{CEBFF5CD-ACE2-4F4F-9178-9926F41749EA},Puebzr.syhggregbbyfpue6ss9qo5q.Qrsnhyg,Chrome.fluttertoolschr6ff9db5d.Default,REG_BINARY,Software\Microsoft\Windows\CurrentVersion\Explorer\UserAssist\{CEBFF5CD-ACE2-4F4F-9178-9926F41749EA}\Count
{CEBFF5CD-ACE2-4F4F-9178-9926F41749EA},Puebzr.syhggregbbyfpue89ps6633.Qrsnhyg,Chrome.fluttertoolschr89cf6633.Default,REG_BINARY,Software\Microsoft\Windows\CurrentVersion\Explorer\UserAssist\{CEBFF5CD-ACE2-4F4F-9178-9926F41749EA}\Count
{CEBFF5CD-ACE2-4F4F-9178-9926F41749EA},Puebzr.syhggregbbyfpues5n47r39.Qrsnhyg,Chrome.fluttertoolschrf5a47e39.Default,REG_BINARY,Software\Microsoft\Windows\CurrentVersion\Explorer\UserAssist\{CEBFF5CD-ACE2-4F4F-9178-9926F41749EA}\Count
{CEBFF5CD-ACE2-4F4F-9178-9926F41749EA},Q:\6 Frzrfgre\ZNQ\Yno\ynorknzsvany\ohvyq\jvaqbjf\k64\ehaare\Qroht\ynorknzsvany.rkr,D:\6 Semester\MAD\Lab\labexamfinal\build\windows\x64\runner\Debug\labexamfinal.exe,REG_BINARY,Software\Microsoft\Windows\CurrentVersion\Explorer\UserAssist\{CEBFF5CD-ACE2-4F4F-9178-9926F41749EA}\Count
{CEBFF5CD-ACE2-4F4F-9178-9926F41749EA},{6Q809377-6NS0-444O-8957-N3773S02200R}\Tvg\zvatj64\ova\tvg-perqragvny-znantre.rkr,{6D809377-6AF0-444B-8957-A3773F02200E}\Git\mingw64\bin\git-credential-manager.exe,REG_BINARY,Software\Microsoft\Windows\CurrentVersion\Explorer\UserAssist\{CEBFF5CD-ACE2-4F4F-9178-9926F41749EA}\Count
{CEBFF5CD-ACE2-4F4F-9178-9926F41749EA},P:\knzcc\ZrephelZnvy\zrephel.rkr,C:\xampp\MercuryMail\mercury.exe,REG_BINARY,Software\Microsoft\Windows\CurrentVersion\Explorer\UserAssist\{CEBFF5CD-ACE2-4F4F-9178-9926F41749EA}\Count
{CEBFF5CD-ACE2-4F4F-9178-9926F41749EA},{6Q809377-6NS0-444O-8957-N3773S02200R}\JvaqbjfNccf\Zvpebfbsg.FperraFxrgpu_11.2602.47.0_k64__8jrxlo3q8oojr\FavccvatGbby\FavccvatGbby.rkr,{6D809377-6AF0-444B-8957-A3773F02200E}\WindowsApps\Microsoft.ScreenSketch_11.2602.47.0_x64__8wekyb3d8bbwe\SnippingTool\SnippingTool.exe,REG_BINARY,Software\Microsoft\Windows\CurrentVersion\Explorer\UserAssist\{CEBFF5CD-ACE2-4F4F-9178-9926F41749EA}\Count
{CEBFF5CD-ACE2-4F4F-9178-9926F41749EA},Q:\6 Frzrfgre\IC\Cebwrpg\Cebwrpg\PEZF_IC_Cebwrpg 3\PEZF_IC_Cebwrpg\PEZF\ova\Qroht\PEZF.rkr,D:\6 Semester\VP\Project\Project\CRMS_VP_Project 3\CRMS_VP_Project\CRMS\bin\Debug\CRMS.exe,REG_BINARY,Software\Microsoft\Windows\CurrentVersion\Explorer\UserAssist\{CEBFF5CD-ACE2-4F4F-9178-9926F41749EA}\Count
{CEBFF5CD-ACE2-4F4F-9178-9926F41749EA},Q:\6 Frzrfgre\IC\Cebwrpg\Cebwrpg\PEZF_ZIP\PEZF_ZIP\PEZF_ZIP\ova\Qroht\PEZF_ZIP.rkr,D:\6 Semester\VP\Project\Project\CRMS_MVC\CRMS_MVC\CRMS_MVC\bin\Debug\CRMS_MVC.exe,REG_BINARY,Software\Microsoft\Windows\CurrentVersion\Explorer\UserAssist\{CEBFF5CD-ACE2-4F4F-9178-9926F41749EA}\Count
{CEBFF5CD-ACE2-4F4F-9178-9926F41749EA},P:\Hfref\Obff\Qrfxgbc\PEZ\PEZF_ZIP.rkr,C:\Users\Boss\Desktop\CRM\CRMS_MVC.exe,REG_BINARY,Software\Microsoft\Windows\CurrentVersion\Explorer\UserAssist\{CEBFF5CD-ACE2-4F4F-9178-9926F41749EA}\Count
{CEBFF5CD-ACE2-4F4F-9178-9926F41749EA},{6Q809377-6NS0-444O-8957-N3773S02200R}\JvaqbjfNccf\BcraNV.Pbqrk_26.513.4821.0_k64__2c2adfq0p76t0\ncc\Pbqrk.rkr,{6D809377-6AF0-444B-8957-A3773F02200E}\WindowsApps\OpenAI.Codex_26.513.4821.0_x64__2p2nqsd0c76g0\app\Codex.exe,REG_BINARY,Software\Microsoft\Windows\CurrentVersion\Explorer\UserAssist\{CEBFF5CD-ACE2-4F4F-9178-9926F41749EA}\Count
{CEBFF5CD-ACE2-4F4F-9178-9926F41749EA},Q:\6 Frzrfgre\ZNQ\Yno\yno_13\ohvyq\jvaqbjf\k64\ehaare\Qroht\yno_13.rkr,D:\6 Semester\MAD\Lab\lab_13\build\windows\x64\runner\Debug\lab_13.exe,REG_BINARY,Software\Microsoft\Windows\CurrentVersion\Explorer\UserAssist\{CEBFF5CD-ACE2-4F4F-9178-9926F41749EA}\Count
{CEBFF5CD-ACE2-4F4F-9178-9926F41749EA},Puebzr.syhggregbbyfpue2629ooos.Qrsnhyg,Chrome.fluttertoolschr2629bbbf.Default,REG_BINARY,Software\Microsoft\Windows\CurrentVersion\Explorer\UserAssist\{CEBFF5CD-ACE2-4F4F-9178-9926F41749EA}\Count
{CEBFF5CD-ACE2-4F4F-9178-9926F41749EA},Puebzr.syhggregbbyfpue3o91r94r.Qrsnhyg,Chrome.fluttertoolschr3b91e94e.Default,REG_BINARY,Software\Microsoft\Windows\CurrentVersion\Explorer\UserAssist\{CEBFF5CD-ACE2-4F4F-9178-9926F41749EA}\Count
{CEBFF5CD-ACE2-4F4F-9178-9926F41749EA},Puebzr.syhggregbbyfpuen0s17q50.Qrsnhyg,Chrome.fluttertoolschra0f17d50.Default,REG_BINARY,Software\Microsoft\Windows\CurrentVersion\Explorer\UserAssist\{CEBFF5CD-ACE2-4F4F-9178-9926F41749EA}\Count
{CEBFF5CD-ACE2-4F4F-9178-9926F41749EA},Puebzr.syhggregbbyfpue9on9ps9n.Qrsnhyg,Chrome.fluttertoolschr9ba9cf9a.Default,REG_BINARY,Software\Microsoft\Windows\CurrentVersion\Explorer\UserAssist\{CEBFF5CD-ACE2-4F4F-9178-9926F41749EA}\Count
{CEBFF5CD-ACE2-4F4F-9178-9926F41749EA},Puebzr.syhggregbbyfpue2322r220.Qrsnhyg,Chrome.fluttertoolschr2322e220.Default,REG_BINARY,Software\Microsoft\Windows\CurrentVersion\Explorer\UserAssist\{CEBFF5CD-ACE2-4F4F-9178-9926F41749EA}\Count
{CEBFF5CD-ACE2-4F4F-9178-9926F41749EA},Puebzr.syhggregbbyfpue5nq854n5.Qrsnhyg,Chrome.fluttertoolschr5ad854a5.Default,REG_BINARY,Software\Microsoft\Windows\CurrentVersion\Explorer\UserAssist\{CEBFF5CD-ACE2-4F4F-9178-9926F41749EA}\Count
{CEBFF5CD-ACE2-4F4F-9178-9926F41749EA},Puebzr.syhggregbbyfpues81r46r6.Qrsnhyg,Chrome.fluttertoolschrf81e46e6.Default,REG_BINARY,Software\Microsoft\Windows\CurrentVersion\Explorer\UserAssist\{CEBFF5CD-ACE2-4F4F-9178-9926F41749EA}\Count
{CEBFF5CD-ACE2-4F4F-9178-9926F41749EA},Q:\Fbsgjnerf\sveronfr-gbbyf-vafgnag-jva.rkr,D:\Softwares\firebase-tools-instant-win.exe,REG_BINARY,Software\Microsoft\Windows\CurrentVersion\Explorer\UserAssist\{CEBFF5CD-ACE2-4F4F-9178-9926F41749EA}\Count
{CEBFF5CD-ACE2-4F4F-9178-9926F41749EA},Puebzr.syhggregbbyfpue855n71op.Qrsnhyg,Chrome.fluttertoolschr855a71bc.Default,REG_BINARY,Software\Microsoft\Windows\CurrentVersion\Explorer\UserAssist\{CEBFF5CD-ACE2-4F4F-9178-9926F41749EA}\Count
{CEBFF5CD-ACE2-4F4F-9178-9926F41749EA},Puebzr.syhggregbbyfpuer6545820.Qrsnhyg,Chrome.fluttertoolschre6545820.Default,REG_BINARY,Software\Microsoft\Windows\CurrentVersion\Explorer\UserAssist\{CEBFF5CD-ACE2-4F4F-9178-9926F41749EA}\Count
{CEBFF5CD-ACE2-4F4F-9178-9926F41749EA},Q:\6 Frzrfgre\ZNQ\Yno\PEZF\ohvyq\jvaqbjf\k64\ehaare\Qroht\pezf.rkr,D:\6 Semester\MAD\Lab\CRMS\build\windows\x64\runner\Debug\crms.exe,REG_BINARY,Software\Microsoft\Windows\CurrentVersion\Explorer\UserAssist\{CEBFF5CD-ACE2-4F4F-9178-9926F41749EA}\Count
{CEBFF5CD-ACE2-4F4F-9178-9926F41749EA},Puebzr.syhggregbbyfpue3nq1s5n9.Qrsnhyg,Chrome.fluttertoolschr3ad1f5a9.Default,REG_BINARY,Software\Microsoft\Windows\CurrentVersion\Explorer\UserAssist\{CEBFF5CD-ACE2-4F4F-9178-9926F41749EA}\Count
{CEBFF5CD-ACE2-4F4F-9178-9926F41749EA},Puebzr.syhggregbbyfpuern96n704.Qrsnhyg,Chrome.fluttertoolschrea96a704.Default,REG_BINARY,Software\Microsoft\Windows\CurrentVersion\Explorer\UserAssist\{CEBFF5CD-ACE2-4F4F-9178-9926F41749EA}\Count
{CEBFF5CD-ACE2-4F4F-9178-9926F41749EA},Puebzr.syhggregbbyfpue59n006s0.Qrsnhyg,Chrome.fluttertoolschr59a006f0.Default,REG_BINARY,Software\Microsoft\Windows\CurrentVersion\Explorer\UserAssist\{CEBFF5CD-ACE2-4F4F-9178-9926F41749EA}\Count
{CEBFF5CD-ACE2-4F4F-9178-9926F41749EA},{6Q809377-6NS0-444O-8957-N3773S02200R}\JvaqbjfNccf\Zvpebfbsg.FperraFxrgpu_11.2602.49.0_k64__8jrxlo3q8oojr\FavccvatGbby\FavccvatGbby.rkr,{6D809377-6AF0-444B-8957-A3773F02200E}\WindowsApps\Microsoft.ScreenSketch_11.2602.49.0_x64__8wekyb3d8bbwe\SnippingTool\SnippingTool.exe,REG_BINARY,Software\Microsoft\Windows\CurrentVersion\Explorer\UserAssist\{CEBFF5CD-ACE2-4F4F-9178-9926F41749EA}\Count
{CEBFF5CD-ACE2-4F4F-9178-9926F41749EA},{6Q809377-6NS0-444O-8957-N3773S02200R}\JvaqbjfNccf\BcraNV.Pbqrk_26.602.4764.0_k64__2c2adfq0p76t0\ncc\Pbqrk.rkr,{6D809377-6AF0-444B-8957-A3773F02200E}\WindowsApps\OpenAI.Codex_26.602.4764.0_x64__2p2nqsd0c76g0\app\Codex.exe,REG_BINARY,Software\Microsoft\Windows\CurrentVersion\Explorer\UserAssist\{CEBFF5CD-ACE2-4F4F-9178-9926F41749EA}\Count
{CEBFF5CD-ACE2-4F4F-9178-9926F41749EA},Q:\Fbsgjnerf\JungfNcc Vafgnyyre.rkr,D:\Softwares\WhatsApp Installer.exe,REG_BINARY,Software\Microsoft\Windows\CurrentVersion\Explorer\UserAssist\{CEBFF5CD-ACE2-4F4F-9178-9926F41749EA}\Count
{CEBFF5CD-ACE2-4F4F-9178-9926F41749EA},5319275N.JungfNccQrfxgbc_pi1t1tinalwtz!Ncc,5319275A.WhatsAppDesktop_cv1g1gvanyjgm!App,REG_BINARY,Software\Microsoft\Windows\CurrentVersion\Explorer\UserAssist\{CEBFF5CD-ACE2-4F4F-9178-9926F41749EA}\Count
{CEBFF5CD-ACE2-4F4F-9178-9926F41749EA},{6Q809377-6NS0-444O-8957-N3773S02200R}\JvaqbjfNccf\5319275N.JungfNccQrfxgbc_2.2620.102.0_k64__pi1t1tinalwtz\JungfNcc.Ebbg.rkr,{6D809377-6AF0-444B-8957-A3773F02200E}\WindowsApps\5319275A.WhatsAppDesktop_2.2620.102.0_x64__cv1g1gvanyjgm\WhatsApp.Root.exe,REG_BINARY,Software\Microsoft\Windows\CurrentVersion\Explorer\UserAssist\{CEBFF5CD-ACE2-4F4F-9178-9926F41749EA}\Count
{CEBFF5CD-ACE2-4F4F-9178-9926F41749EA},Puebzr.syhggregbbyfpue980o5p11.Qrsnhyg,Chrome.fluttertoolschr980b5c11.Default,REG_BINARY,Software\Microsoft\Windows\CurrentVersion\Explorer\UserAssist\{CEBFF5CD-ACE2-4F4F-9178-9926F41749EA}\Count
{CEBFF5CD-ACE2-4F4F-9178-9926F41749EA},{6Q809377-6NS0-444O-8957-N3773S02200R}\JvaqbjfNccf\BcraNV.Pbqrk_26.616.3767.0_k64__2c2adfq0p76t0\ncc\Pbqrk.rkr,{6D809377-6AF0-444B-8957-A3773F02200E}\WindowsApps\OpenAI.Codex_26.616.3767.0_x64__2p2nqsd0c76g0\app\Codex.exe,REG_BINARY,Software\Microsoft\Windows\CurrentVersion\Explorer\UserAssist\{CEBFF5CD-ACE2-4F4F-9178-9926F41749EA}\Count
{CEBFF5CD-ACE2-4F4F-9178-9926F41749EA},Puebzr.syhggregbbyfpue.s6q15np.Qrsnhyg,Chrome.fluttertoolschr.f6d15ac.Default,REG_BINARY,Software\Microsoft\Windows\CurrentVersion\Explorer\UserAssist\{CEBFF5CD-ACE2-4F4F-9178-9926F41749EA}\Count
{CEBFF5CD-ACE2-4F4F-9178-9926F41749EA},Q:\6 Frzrfgre\ZNQ\Yno\nccyvpngvba\ohvyq\jvaqbjf\k64\ehaare\Qroht\nccyvpngvba.rkr,D:\6 Semester\MAD\Lab\application\build\windows\x64\runner\Debug\application.exe,REG_BINARY,Software\Microsoft\Windows\CurrentVersion\Explorer\UserAssist\{CEBFF5CD-ACE2-4F4F-9178-9926F41749EA}\Count
{CEBFF5CD-ACE2-4F4F-9178-9926F41749EA},Q:\6 Frzrfgre\ZNQ\Yno\bar_frbaq\ohvyq\jvaqbjf\k64\ehaare\Qroht\bar_frbaq.rkr,D:\6 Semester\MAD\Lab\one_seond\build\windows\x64\runner\Debug\one_seond.exe,REG_BINARY,Software\Microsoft\Windows\CurrentVersion\Explorer\UserAssist\{CEBFF5CD-ACE2-4F4F-9178-9926F41749EA}\Count
{CEBFF5CD-ACE2-4F4F-9178-9926F41749EA},Q:\6 Frzrfgre\ZNQ\Yno\bar_guerr\ohvyq\jvaqbjf\k64\ehaare\Qroht\bar_guerr.rkr,D:\6 Semester\MAD\Lab\one_three\build\windows\x64\runner\Debug\one_three.exe,REG_BINARY,Software\Microsoft\Windows\CurrentVersion\Explorer\UserAssist\{CEBFF5CD-ACE2-4F4F-9178-9926F41749EA}\Count
{CEBFF5CD-ACE2-4F4F-9178-9926F41749EA},{6Q809377-6NS0-444O-8957-N3773S02200R}\JvaqbjfNccf\5319275N.JungfNccQrfxgbc_2.2623.103.0_k64__pi1t1tinalwtz\JungfNcc.Ebbg.rkr,{6D809377-6AF0-444B-8957-A3773F02200E}\WindowsApps\5319275A.WhatsAppDesktop_2.2623.103.0_x64__cv1g1gvanyjgm\WhatsApp.Root.exe,REG_BINARY,Software\Microsoft\Windows\CurrentVersion\Explorer\UserAssist\{CEBFF5CD-ACE2-4F4F-9178-9926F41749EA}\Count
{CEBFF5CD-ACE2-4F4F-9178-9926F41749EA},Q:\6 Frzrfgre\ZNQ\Yno\sbhe_bar\ohvyq\jvaqbjf\k64\ehaare\Qroht\sbhe_bar.rkr,D:\6 Semester\MAD\Lab\four_one\build\windows\x64\runner\Debug\four_one.exe,REG_BINARY,Software\Microsoft\Windows\CurrentVersion\Explorer\UserAssist\{CEBFF5CD-ACE2-4F4F-9178-9926F41749EA}\Count
{CEBFF5CD-ACE2-4F4F-9178-9926F41749EA},Q:\6 Frzrfgre\ZNQ\Yno\qo\ohvyq\jvaqbjf\k64\ehaare\Qroht\qo.rkr,D:\6 Semester\MAD\Lab\db\build\windows\x64\runner\Debug\db.exe,REG_BINARY,Software\Microsoft\Windows\CurrentVersion\Explorer\UserAssist\{CEBFF5CD-ACE2-4F4F-9178-9926F41749EA}\Count
{CEBFF5CD-ACE2-4F4F-9178-9926F41749EA},Q:\6 Frzrfgre\ZNQ\Yno\grfgy\ohvyq\jvaqbjf\k64\ehaare\Qroht\grfgy.rkr,D:\6 Semester\MAD\Lab\testl\build\windows\x64\runner\Debug\testl.exe,REG_BINARY,Software\Microsoft\Windows\CurrentVersion\Explorer\UserAssist\{CEBFF5CD-ACE2-4F4F-9178-9926F41749EA}\Count
{CEBFF5CD-ACE2-4F4F-9178-9926F41749EA},Puebzr.syhggregbbyfpue24p98693.Qrsnhyg,Chrome.fluttertoolschr24c98693.Default,REG_BINARY,Software\Microsoft\Windows\CurrentVersion\Explorer\UserAssist\{CEBFF5CD-ACE2-4F4F-9178-9926F41749EA}\Count
{CEBFF5CD-ACE2-4F4F-9178-9926F41749EA},P:\Hfref\Obff\Qbjaybnqf\ZFGrnzfFrghck64_f_8QRQ5S8847NRQ59-2-0_p_j_.rkr,C:\Users\Boss\Downloads\MSTeamsSetupx64_s_8DED5F8847AED59-2-0_c_w_.exe,REG_BINARY,Software\Microsoft\Windows\CurrentVersion\Explorer\UserAssist\{CEBFF5CD-ACE2-4F4F-9178-9926F41749EA}\Count
{CEBFF5CD-ACE2-4F4F-9178-9926F41749EA},Zvpebfbsg.Jvaqbjf.PybhqRkcrevraprUbfg_pj5a1u2gklrjl!Ncc,Microsoft.Windows.CloudExperienceHost_cw5n1h2txyewy!App,REG_BINARY,Software\Microsoft\Windows\CurrentVersion\Explorer\UserAssist\{CEBFF5CD-ACE2-4F4F-9178-9926F41749EA}\Count
{CEBFF5CD-ACE2-4F4F-9178-9926F41749EA},ZFGrnzf_8jrxlo3q8oojr!ZFGrnzf.Jbex,MSTeams_8wekyb3d8bbwe!MSTeams.Work,REG_BINARY,Software\Microsoft\Windows\CurrentVersion\Explorer\UserAssist\{CEBFF5CD-ACE2-4F4F-9178-9926F41749EA}\Count
{CEBFF5CD-ACE2-4F4F-9178-9926F41749EA},{6Q809377-6NS0-444O-8957-N3773S02200R}\JvaqbjfNccf\ZFGrnzf_26149.1205.4798.6437_k64__8jrxlo3q8oojr\zf-grnzf.rkr,{6D809377-6AF0-444B-8957-A3773F02200E}\WindowsApps\MSTeams_26149.1205.4798.6437_x64__8wekyb3d8bbwe\ms-teams.exe,REG_BINARY,Software\Microsoft\Windows\CurrentVersion\Explorer\UserAssist\{CEBFF5CD-ACE2-4F4F-9178-9926F41749EA}\Count
{CEBFF5CD-ACE2-4F4F-9178-9926F41749EA},{6Q809377-6NS0-444O-8957-N3773S02200R}\JvaqbjfNccf\BcraNV.Pbqrk_26.616.6631.0_k64__2c2adfq0p76t0\ncc\Pbqrk.rkr,{6D809377-6AF0-444B-8957-A3773F02200E}\WindowsApps\OpenAI.Codex_26.616.6631.0_x64__2p2nqsd0c76g0\app\Codex.exe,REG_BINARY,Software\Microsoft\Windows\CurrentVersion\Explorer\UserAssist\{CEBFF5CD-ACE2-4F4F-9178-9926F41749EA}\Count
{CEBFF5CD-ACE2-4F4F-9178-9926F41749EA},{6Q809377-6NS0-444O-8957-N3773S02200R}\JvaqbjfNccf\BcraNV.Pbqrk_26.623.11225.0_k64__2c2adfq0p76t0\ncc\Pbqrk.rkr,{6D809377-6AF0-444B-8957-A3773F02200E}\WindowsApps\OpenAI.Codex_26.623.11225.0_x64__2p2nqsd0c76g0\app\Codex.exe,REG_BINARY,Software\Microsoft\Windows\CurrentVersion\Explorer\UserAssist\{CEBFF5CD-ACE2-4F4F-9178-9926F41749EA}\Count
{CEBFF5CD-ACE2-4F4F-9178-9926F41749EA},{6Q809377-6NS0-444O-8957-N3773S02200R}\Tvg\pzq\tvg-thv.rkr,{6D809377-6AF0-444B-8957-A3773F02200E}\Git\cmd\git-gui.exe,REG_BINARY,Software\Microsoft\Windows\CurrentVersion\Explorer\UserAssist\{CEBFF5CD-ACE2-4F4F-9178-9926F41749EA}\Count
{CEBFF5CD-ACE2-4F4F-9178-9926F41749EA},{6Q809377-6NS0-444O-8957-N3773S02200R}\Tvg\zvatj64\ova\jvfu.rkr,{6D809377-6AF0-444B-8957-A3773F02200E}\Git\mingw64\bin\wish.exe,REG_BINARY,Software\Microsoft\Windows\CurrentVersion\Explorer\UserAssist\{CEBFF5CD-ACE2-4F4F-9178-9926F41749EA}\Count
{CEBFF5CD-ACE2-4F4F-9178-9926F41749EA},Q:\Fbsgjnerf\IveghnyObk-7.2.12-174389-Jva.rkr,D:\Softwares\VirtualBox-7.2.12-174389-Win.exe,REG_BINARY,Software\Microsoft\Windows\CurrentVersion\Explorer\UserAssist\{CEBFF5CD-ACE2-4F4F-9178-9926F41749EA}\Count
{CEBFF5CD-ACE2-4F4F-9178-9926F41749EA},{6Q809377-6NS0-444O-8957-N3773S02200R}\Benpyr\IveghnyObk\IveghnyObk.rkr,{6D809377-6AF0-444B-8957-A3773F02200E}\Oracle\VirtualBox\VirtualBox.exe,REG_BINARY,Software\Microsoft\Windows\CurrentVersion\Explorer\UserAssist\{CEBFF5CD-ACE2-4F4F-9178-9926F41749EA}\Count
{CEBFF5CD-ACE2-4F4F-9178-9926F41749EA},{6Q809377-6NS0-444O-8957-N3773S02200R}\Benpyr\IveghnyObk\IveghnyObkIZ.rkr,{6D809377-6AF0-444B-8957-A3773F02200E}\Oracle\VirtualBox\VirtualBoxVM.exe,REG_BINARY,Software\Microsoft\Windows\CurrentVersion\Explorer\UserAssist\{CEBFF5CD-ACE2-4F4F-9178-9926F41749EA}\Count
{CEBFF5CD-ACE2-4F4F-9178-9926F41749EA},{6Q809377-6NS0-444O-8957-N3773S02200R}\JvaqbjfNccf\ZFGrnzf_26163.405.4842.717_k64__8jrxlo3q8oojr\zf-grnzf.rkr,{6D809377-6AF0-444B-8957-A3773F02200E}\WindowsApps\MSTeams_26163.405.4842.717_x64__8wekyb3d8bbwe\ms-teams.exe,REG_BINARY,Software\Microsoft\Windows\CurrentVersion\Explorer\UserAssist\{CEBFF5CD-ACE2-4F4F-9178-9926F41749EA}\Count
{CEBFF5CD-ACE2-4F4F-9178-9926F41749EA},Q:\Fbsgjnerf\ZrqvnPerngvbaGbby_22U2.rkr,D:\Softwares\MediaCreationTool_22H2.exe,REG_BINARY,Software\Microsoft\Windows\CurrentVersion\Explorer\UserAssist\{CEBFF5CD-ACE2-4F4F-9178-9926F41749EA}\Count
{CEBFF5CD-ACE2-4F4F-9178-9926F41749EA},Q:\Fbsgjnerf\IZjner-Jbexfgngvba-Shyy-25U2h1-25219725.rkr,D:\Softwares\VMware-Workstation-Full-25H2u1-25219725.exe,REG_BINARY,Software\Microsoft\Windows\CurrentVersion\Explorer\UserAssist\{CEBFF5CD-ACE2-4F4F-9178-9926F41749EA}\Count
{CEBFF5CD-ACE2-4F4F-9178-9926F41749EA},IZjner.Jbexfgngvba.izhv,VMware.Workstation.vmui,REG_BINARY,Software\Microsoft\Windows\CurrentVersion\Explorer\UserAssist\{CEBFF5CD-ACE2-4F4F-9178-9926F41749EA}\Count
{CEBFF5CD-ACE2-4F4F-9178-9926F41749EA},Puebzr.HfreQngn.Cebsvyr3,Chrome.UserData.Profile3,REG_BINARY,Software\Microsoft\Windows\CurrentVersion\Explorer\UserAssist\{CEBFF5CD-ACE2-4F4F-9178-9926F41749EA}\Count
{CEBFF5CD-ACE2-4F4F-9178-9926F41749EA},{6Q809377-6NS0-444O-8957-N3773S02200R}\JvaqbjfNccf\5319275N.JungfNccQrfxgbc_2.2625.101.0_k64__pi1t1tinalwtz\JungfNcc.Ebbg.rkr,{6D809377-6AF0-444B-8957-A3773F02200E}\WindowsApps\5319275A.WhatsAppDesktop_2.2625.101.0_x64__cv1g1gvanyjgm\WhatsApp.Root.exe,REG_BINARY,Software\Microsoft\Windows\CurrentVersion\Explorer\UserAssist\{CEBFF5CD-ACE2-4F4F-9178-9926F41749EA}\Count
{CEBFF5CD-ACE2-4F4F-9178-9926F41749EA},{1NP14R77-02R7-4R5Q-O744-2RO1NR5198O7}\YvirPncgvbaf.rkr,{1AC14E77-02E7-4E5D-B744-2EB1AE5198B7}\LiveCaptions.exe,REG_BINARY,Software\Microsoft\Windows\CurrentVersion\Explorer\UserAssist\{CEBFF5CD-ACE2-4F4F-9178-9926F41749EA}\Count
{CEBFF5CD-ACE2-4F4F-9178-9926F41749EA},{6Q809377-6NS0-444O-8957-N3773S02200R}\JvaqbjfNccf\5319275N.JungfNccQrfxgbc_2.2627.101.0_k64__pi1t1tinalwtz\JungfNcc.Ebbg.rkr,{6D809377-6AF0-444B-8957-A3773F02200E}\WindowsApps\5319275A.WhatsAppDesktop_2.2627.101.0_x64__cv1g1gvanyjgm\WhatsApp.Root.exe,REG_BINARY,Software\Microsoft\Windows\CurrentVersion\Explorer\UserAssist\{CEBFF5CD-ACE2-4F4F-9178-9926F41749EA}\Count
{CEBFF5CD-ACE2-4F4F-9178-9926F41749EA},{6Q809377-6NS0-444O-8957-N3773S02200R}\JvaqbjfNccf\Zvpebfbsg.JvaqbjfAbgrcnq_11.2605.34.0_k64__8jrxlo3q8oojr\Abgrcnq\Abgrcnq.rkr,{6D809377-6AF0-444B-8957-A3773F02200E}\WindowsApps\Microsoft.WindowsNotepad_11.2605.34.0_x64__8wekyb3d8bbwe\Notepad\Notepad.exe,REG_BINARY,Software\Microsoft\Windows\CurrentVersion\Explorer\UserAssist\{CEBFF5CD-ACE2-4F4F-9178-9926F41749EA}\Count
{CEBFF5CD-ACE2-4F4F-9178-9926F41749EA},{1NP14R77-02R7-4R5Q-O744-2RO1NR5198O7}\freivprf.zfp,{1AC14E77-02E7-4E5D-B744-2EB1AE5198B7}\services.msc,REG_BINARY,Software\Microsoft\Windows\CurrentVersion\Explorer\UserAssist\{CEBFF5CD-ACE2-4F4F-9178-9926F41749EA}\Count
{CEBFF5CD-ACE2-4F4F-9178-9926F41749EA},P:\Hfref\Obff\NccQngn\Ybpny\Grzc\855qr7n9-4rqr-4q5q-9q8n-2r09s1r15528_ErtvfgelRkcybere.mvc.528\ErtvfgelRkcybere\ErtvfgelRkcybere.rkr,C:\Users\Boss\AppData\Local\Temp\855de7a9-4ede-4d5d-9d8a-2e09f1e15528_RegistryExplorer.zip.528\RegistryExplorer\RegistryExplorer.exe,REG_BINARY,Software\Microsoft\Windows\CurrentVersion\Explorer\UserAssist\{CEBFF5CD-ACE2-4F4F-9178-9926F41749EA}\Count
{CEBFF5CD-ACE2-4F4F-9178-9926F41749EA},Q:\Fbsgjnerf\ErtvfgelRkcybere\ErtvfgelRkcybere\ErtvfgelRkcybere.rkr,D:\Softwares\RegistryExplorer\RegistryExplorer\RegistryExplorer.exe,REG_BINARY,Software\Microsoft\Windows\CurrentVersion\Explorer\UserAssist\{CEBFF5CD-ACE2-4F4F-9178-9926F41749EA}\Count
{CEBFF5CD-ACE2-4F4F-9178-9926F41749EA},Q:\Fbsgjnerf\CebprffZbavgbe\Cebpzba.rkr,D:\Softwares\ProcessMonitor\Procmon.exe,REG_BINARY,Software\Microsoft\Windows\CurrentVersion\Explorer\UserAssist\{CEBFF5CD-ACE2-4F4F-9178-9926F41749EA}\Count
{CEBFF5CD-ACE2-4F4F-9178-9926F41749EA},P:\Hfref\Obff\NccQngn\Ybpny\Grzc\Cebpzba64.rkr,C:\Users\Boss\AppData\Local\Temp\Procmon64.exe,REG_BINARY,Software\Microsoft\Windows\CurrentVersion\Explorer\UserAssist\{CEBFF5CD-ACE2-4F4F-9178-9926F41749EA}\Count
{CEBFF5CD-ACE2-4F4F-9178-9926F41749EA},Q:\Fbsgjnerf\Jverfunex-4.6.7-k64.rkr,D:\Softwares\Wireshark-4.6.7-x64.exe,REG_BINARY,Software\Microsoft\Windows\CurrentVersion\Explorer\UserAssist\{CEBFF5CD-ACE2-4F4F-9178-9926F41749EA}\Count
{CEBFF5CD-ACE2-4F4F-9178-9926F41749EA},{6Q809377-6NS0-444O-8957-N3773S02200R}\Jverfunex\acpnc-1.88.rkr,{6D809377-6AF0-444B-8957-A3773F02200E}\Wireshark\npcap-1.88.exe,REG_BINARY,Software\Microsoft\Windows\CurrentVersion\Explorer\UserAssist\{CEBFF5CD-ACE2-4F4F-9178-9926F41749EA}\Count
{CEBFF5CD-ACE2-4F4F-9178-9926F41749EA},{6Q809377-6NS0-444O-8957-N3773S02200R}\Acpnc\ACSVafgnyy.rkr,{6D809377-6AF0-444B-8957-A3773F02200E}\Npcap\NPFInstall.exe,REG_BINARY,Software\Microsoft\Windows\CurrentVersion\Explorer\UserAssist\{CEBFF5CD-ACE2-4F4F-9178-9926F41749EA}\Count
{CEBFF5CD-ACE2-4F4F-9178-9926F41749EA},{6Q809377-6NS0-444O-8957-N3773S02200R}\Jverfunex\Jverfunex.rkr,{6D809377-6AF0-444B-8957-A3773F02200E}\Wireshark\Wireshark.exe,REG_BINARY,Software\Microsoft\Windows\CurrentVersion\Explorer\UserAssist\{CEBFF5CD-ACE2-4F4F-9178-9926F41749EA}\Count
{CEBFF5CD-ACE2-4F4F-9178-9926F41749EA},Q:\Fbsgjnerf\CebprffZbavgbe\Cebpzba64.rkr,D:\Softwares\ProcessMonitor\Procmon64.exe,REG_BINARY,Software\Microsoft\Windows\CurrentVersion\Explorer\UserAssist\{CEBFF5CD-ACE2-4F4F-9178-9926F41749EA}\Count
{CEBFF5CD-ACE2-4F4F-9178-9926F41749EA},Q:\Fbsgjnerf\punyyratr3\P\P\Hfref\nqzva\NccQngn\Ybpny\Qvfpbeq\ncc-1.0.9243\ncc-1.0.9243\fgevatf.rkr,D:\Softwares\challenge3\C\C\Users\admin\AppData\Local\Discord\app-1.0.9243\app-1.0.9243\strings.exe,REG_BINARY,Software\Microsoft\Windows\CurrentVersion\Explorer\UserAssist\{CEBFF5CD-ACE2-4F4F-9178-9926F41749EA}\Count
{CEBFF5CD-ACE2-4F4F-9178-9926F41749EA},{6Q809377-6NS0-444O-8957-N3773S02200R}\Nhgbcfl-4.23.1\ova\nhgbcfl64.rkr,{6D809377-6AF0-444B-8957-A3773F02200E}\Autopsy-4.23.1\bin\autopsy64.exe,REG_BINARY,Software\Microsoft\Windows\CurrentVersion\Explorer\UserAssist\{CEBFF5CD-ACE2-4F4F-9178-9926F41749EA}\Count
{CEBFF5CD-ACE2-4F4F-9178-9926F41749EA},{6Q809377-6NS0-444O-8957-N3773S02200R}\JvaqbjfNccf\ZFGrnzf_26183.1903.4892.4448_k64__8jrxlo3q8oojr\zf-grnzf.rkr,{6D809377-6AF0-444B-8957-A3773F02200E}\WindowsApps\MSTeams_26183.1903.4892.4448_x64__8wekyb3d8bbwe\ms-teams.exe,REG_BINARY,Software\Microsoft\Windows\CurrentVersion\Explorer\UserAssist\{CEBFF5CD-ACE2-4F4F-9178-9926F41749EA}\Count
{CEBFF5CD-ACE2-4F4F-9178-9926F41749EA},{6Q809377-6NS0-444O-8957-N3773S02200R}\JvaqbjfNccf\5319275N.JungfNccQrfxgbc_2.2628.101.0_k64__pi1t1tinalwtz\JungfNcc.Ebbg.rkr,{6D809377-6AF0-444B-8957-A3773F02200E}\WindowsApps\5319275A.WhatsAppDesktop_2.2628.101.0_x64__cv1g1gvanyjgm\WhatsApp.Root.exe,REG_BINARY,Software\Microsoft\Windows\CurrentVersion\Explorer\UserAssist\{CEBFF5CD-ACE2-4F4F-9178-9926F41749EA}\Count
{CEBFF5CD-ACE2-4F4F-9178-9926F41749EA},Q:\Jvaqbjf_Ertvfgel_Sberafvpf_Gbby\qvfg\JvaqbjfErtvfgelSberafvpNanylmre.rkr,D:\Windows_Registry_Forensics_Tool\dist\WindowsRegistryForensicAnalyzer.exe,REG_BINARY,Software\Microsoft\Windows\CurrentVersion\Explorer\UserAssist\{CEBFF5CD-ACE2-4F4F-9178-9926F41749EA}\Count
{CEBFF5CD-ACE2-4F4F-9178-9926F41749EA},Jvaqbjf.Vagreany.FuryyRkcrevrapr.FunerCvpxre,Windows.Internal.ShellExperience.SharePicker,REG_BINARY,Software\Microsoft\Windows\CurrentVersion\Explorer\UserAssist\{CEBFF5CD-ACE2-4F4F-9178-9926F41749EA}\Count
{CEBFF5CD-ACE2-4F4F-9178-9926F41749EA},P:\Hfref\Obff\Qrfxgbc\JvaqbjfErtvfgelSberafvpNanylmre.rkr,C:\Users\Boss\Desktop\WindowsRegistryForensicAnalyzer.exe,REG_BINARY,Software\Microsoft\Windows\CurrentVersion\Explorer\UserAssist\{CEBFF5CD-ACE2-4F4F-9178-9926F41749EA}\Count
{F2A1CB5A-E3CC-4A2E-AF9D-505A7009D442},HRZR_PGYFRFFVBA,UEME_CTLSESSION,REG_BINARY,Software\Microsoft\Windows\CurrentVersion\Explorer\UserAssist\{F2A1CB5A-E3CC-4A2E-AF9D-505A7009D442}\Count
{F4E57C4B-2036-45F0-A9AB-443BCFE33D9F},HRZR_PGYPHNPbhag:pgbe,UEME_CTLCUACount:ctor,REG_BINARY,Software\Microsoft\Windows\CurrentVersion\Explorer\UserAssist\{F4E57C4B-2036-45F0-A9AB-443BCFE33D9F}\Count
{F4E57C4B-2036-45F0-A9AB-443BCFE33D9F},{0139Q44R-6NSR-49S2-8690-3QNSPNR6SSO8}\Nqzvavfgengvir Gbbyf\Flfgrz Vasbezngvba.yax,{0139D44E-6AFE-49F2-8690-3DAFCAE6FFB8}\Administrative Tools\System Information.lnk,REG_BINARY,Software\Microsoft\Windows\CurrentVersion\Explorer\UserAssist\{F4E57C4B-2036-45F0-A9AB-443BCFE33D9F}\Count
{F4E57C4B-2036-45F0-A9AB-443BCFE33D9F},HRZR_PGYFRFFVBA,UEME_CTLSESSION,REG_BINARY,Software\Microsoft\Windows\CurrentVersion\Explorer\UserAssist\{F4E57C4B-2036-45F0-A9AB-443BCFE33D9F}\Count
{F4E57C4B-2036-45F0-A9AB-443BCFE33D9F},{9R3995NO-1S9P-4S13-O827-48O24O6P7174}\GnfxOne\Zvpebfbsg Rqtr.yax,{9E3995AB-1F9C-4F13-B827-48B24B6C7174}\TaskBar\Microsoft Edge.lnk,REG_BINARY,Software\Microsoft\Windows\CurrentVersion\Explorer\UserAssist\{F4E57C4B-2036-45F0-A9AB-443BCFE33D9F}\Count
{F4E57C4B-2036-45F0-A9AB-443BCFE33D9F},P:\Hfref\Choyvp\Qrfxgbc\Sversbk.yax,C:\Users\Public\Desktop\Firefox.lnk,REG_BINARY,Software\Microsoft\Windows\CurrentVersion\Explorer\UserAssist\{F4E57C4B-2036-45F0-A9AB-443BCFE33D9F}\Count
{F4E57C4B-2036-45F0-A9AB-443BCFE33D9F},{N77S5Q77-2R2O-44P3-N6N2-NON601054N51}\Flfgrz Gbbyf\Pbzznaq Cebzcg.yax,{A77F5D77-2E2B-44C3-A6A2-ABA601054A51}\System Tools\Command Prompt.lnk,REG_BINARY,Software\Microsoft\Windows\CurrentVersion\Explorer\UserAssist\{F4E57C4B-2036-45F0-A9AB-443BCFE33D9F}\Count
{F4E57C4B-2036-45F0-A9AB-443BCFE33D9F},{N77S5Q77-2R2O-44P3-N6N2-NON601054N51}\Jvaqbjf CbjreFuryy\Jvaqbjf CbjreFuryy.yax,{A77F5D77-2E2B-44C3-A6A2-ABA601054A51}\Windows PowerShell\Windows PowerShell.lnk,REG_BINARY,Software\Microsoft\Windows\CurrentVersion\Explorer\UserAssist\{F4E57C4B-2036-45F0-A9AB-443BCFE33D9F}\Count
{F4E57C4B-2036-45F0-A9AB-443BCFE33D9F},{9R3995NO-1S9P-4S13-O827-48O24O6P7174}\GnfxOne\Sversbk.yax,{9E3995AB-1F9C-4F13-B827-48B24B6C7174}\TaskBar\Firefox.lnk,REG_BINARY,Software\Microsoft\Windows\CurrentVersion\Explorer\UserAssist\{F4E57C4B-2036-45F0-A9AB-443BCFE33D9F}\Count
{F4E57C4B-2036-45F0-A9AB-443BCFE33D9F},{N77S5Q77-2R2O-44P3-N6N2-NON601054N51}\Flfgrz Gbbyf\Pbageby Cnary.yax,{A77F5D77-2E2B-44C3-A6A2-ABA601054A51}\System Tools\Control Panel.lnk,REG_BINARY,Software\Microsoft\Windows\CurrentVersion\Explorer\UserAssist\{F4E57C4B-2036-45F0-A9AB-443BCFE33D9F}\Count
{F4E57C4B-2036-45F0-A9AB-443BCFE33D9F},{9R3995NO-1S9P-4S13-O827-48O24O6P7174}\GnfxOne\Qri-P++.yax,{9E3995AB-1F9C-4F13-B827-48B24B6C7174}\TaskBar\Dev-C++.lnk,REG_BINARY,Software\Microsoft\Windows\CurrentVersion\Explorer\UserAssist\{F4E57C4B-2036-45F0-A9AB-443BCFE33D9F}\Count
{F4E57C4B-2036-45F0-A9AB-443BCFE33D9F},{0139Q44R-6NSR-49S2-8690-3QNSPNR6SSO8}\Ivfhny Fghqvb 2022.yax,{0139D44E-6AFE-49F2-8690-3DAFCAE6FFB8}\Visual Studio 2022.lnk,REG_BINARY,Software\Microsoft\Windows\CurrentVersion\Explorer\UserAssist\{F4E57C4B-2036-45F0-A9AB-443BCFE33D9F}\Count
{F4E57C4B-2036-45F0-A9AB-443BCFE33D9F},{N77S5Q77-2R2O-44P3-N6N2-NON601054N51}\Ivfhny Fghqvb Pbqr\Ivfhny Fghqvb Pbqr.yax,{A77F5D77-2E2B-44C3-A6A2-ABA601054A51}\Visual Studio Code\Visual Studio Code.lnk,REG_BINARY,Software\Microsoft\Windows\CurrentVersion\Explorer\UserAssist\{F4E57C4B-2036-45F0-A9AB-443BCFE33D9F}\Count
{F4E57C4B-2036-45F0-A9AB-443BCFE33D9F},{9R3995NO-1S9P-4S13-O827-48O24O6P7174}\GnfxOne\Svyr Rkcybere.yax,{9E3995AB-1F9C-4F13-B827-48B24B6C7174}\TaskBar\File Explorer.lnk,REG_BINARY,Software\Microsoft\Windows\CurrentVersion\Explorer\UserAssist\{F4E57C4B-2036-45F0-A9AB-443BCFE33D9F}\Count
{F4E57C4B-2036-45F0-A9AB-443BCFE33D9F},{9R3995NO-1S9P-4S13-O827-48O24O6P7174}\GnfxOne\Ivfhny Fghqvb Pbqr.yax,{9E3995AB-1F9C-4F13-B827-48B24B6C7174}\TaskBar\Visual Studio Code.lnk,REG_BINARY,Software\Microsoft\Windows\CurrentVersion\Explorer\UserAssist\{F4E57C4B-2036-45F0-A9AB-443BCFE33D9F}\Count
{F4E57C4B-2036-45F0-A9AB-443BCFE33D9F},{9R3995NO-1S9P-4S13-O827-48O24O6P7174}\GnfxOne\Rpyvcfr VQR sbe Wnin Qrirybcref - 2025-06.yax,{9E3995AB-1F9C-4F13-B827-48B24B6C7174}\TaskBar\Eclipse IDE for Java Developers - 2025-06.lnk,REG_BINARY,Software\Microsoft\Windows\CurrentVersion\Explorer\UserAssist\{F4E57C4B-2036-45F0-A9AB-443BCFE33D9F}\Count
{F4E57C4B-2036-45F0-A9AB-443BCFE33D9F},{9R3995NO-1S9P-4S13-O827-48O24O6P7174}\GnfxOne\Pvfpb Cnpxrg Genpre.yax,{9E3995AB-1F9C-4F13-B827-48B24B6C7174}\TaskBar\Cisco Packet Tracer.lnk,REG_BINARY,Software\Microsoft\Windows\CurrentVersion\Explorer\UserAssist\{F4E57C4B-2036-45F0-A9AB-443BCFE33D9F}\Count
{F4E57C4B-2036-45F0-A9AB-443BCFE33D9F},{0139Q44R-6NSR-49S2-8690-3QNSPNR6SSO8}\Ncnpur ArgOrnaf\Ncnpur ArgOrnaf VQR 25.yax,{0139D44E-6AFE-49F2-8690-3DAFCAE6FFB8}\Apache NetBeans\Apache NetBeans IDE 25.lnk,REG_BINARY,Software\Microsoft\Windows\CurrentVersion\Explorer\UserAssist\{F4E57C4B-2036-45F0-A9AB-443BCFE33D9F}\Count
{F4E57C4B-2036-45F0-A9AB-443BCFE33D9F},{0139Q44R-6NSR-49S2-8690-3QNSPNR6SSO8}\Ivfhny Cnenqvtz\Ivfhny Cnenqvtz 17.3.yax,{0139D44E-6AFE-49F2-8690-3DAFCAE6FFB8}\Visual Paradigm\Visual Paradigm 17.3.lnk,REG_BINARY,Software\Microsoft\Windows\CurrentVersion\Explorer\UserAssist\{F4E57C4B-2036-45F0-A9AB-443BCFE33D9F}\Count
{F4E57C4B-2036-45F0-A9AB-443BCFE33D9F},{9R3995NO-1S9P-4S13-O827-48O24O6P7174}\GnfxOne\Tbbtyr Puebzr.yax,{9E3995AB-1F9C-4F13-B827-48B24B6C7174}\TaskBar\Google Chrome.lnk,REG_BINARY,Software\Microsoft\Windows\CurrentVersion\Explorer\UserAssist\{F4E57C4B-2036-45F0-A9AB-443BCFE33D9F}\Count
{F4E57C4B-2036-45F0-A9AB-443BCFE33D9F},{9R3995NO-1S9P-4S13-O827-48O24O6P7174}\GnfxOne\Ivfhny Fghqvb 2022.yax,{9E3995AB-1F9C-4F13-B827-48B24B6C7174}\TaskBar\Visual Studio 2022.lnk,REG_BINARY,Software\Microsoft\Windows\CurrentVersion\Explorer\UserAssist\{F4E57C4B-2036-45F0-A9AB-443BCFE33D9F}\Count
{F4E57C4B-2036-45F0-A9AB-443BCFE33D9F},{9R3995NO-1S9P-4S13-O827-48O24O6P7174}\GnfxOne\TvgUho.yax,{9E3995AB-1F9C-4F13-B827-48B24B6C7174}\TaskBar\GitHub.lnk,REG_BINARY,Software\Microsoft\Windows\CurrentVersion\Explorer\UserAssist\{F4E57C4B-2036-45F0-A9AB-443BCFE33D9F}\Count
{F4E57C4B-2036-45F0-A9AB-443BCFE33D9F},{N77S5Q77-2R2O-44P3-N6N2-NON601054N51}\Rpyvcfr\Rpyvcfr VQR sbe Wnin Qrirybcref - 2025-06.yax,{A77F5D77-2E2B-44C3-A6A2-ABA601054A51}\Eclipse\Eclipse IDE for Java Developers - 2025-06.lnk,REG_BINARY,Software\Microsoft\Windows\CurrentVersion\Explorer\UserAssist\{F4E57C4B-2036-45F0-A9AB-443BCFE33D9F}\Count
{F4E57C4B-2036-45F0-A9AB-443BCFE33D9F},{9R3995NO-1S9P-4S13-O827-48O24O6P7174}\GnfxOne\Ncnpur ArgOrnaf VQR 25.yax,{9E3995AB-1F9C-4F13-B827-48B24B6C7174}\TaskBar\Apache NetBeans IDE 25.lnk,REG_BINARY,Software\Microsoft\Windows\CurrentVersion\Explorer\UserAssist\{F4E57C4B-2036-45F0-A9AB-443BCFE33D9F}\Count
{F4E57C4B-2036-45F0-A9AB-443BCFE33D9F},{9R3995NO-1S9P-4S13-O827-48O24O6P7174}\GnfxOne\Jbeq 2016.yax,{9E3995AB-1F9C-4F13-B827-48B24B6C7174}\TaskBar\Word 2016.lnk,REG_BINARY,Software\Microsoft\Windows\CurrentVersion\Explorer\UserAssist\{F4E57C4B-2036-45F0-A9AB-443BCFE33D9F}\Count
{F4E57C4B-2036-45F0-A9AB-443BCFE33D9F},{9R3995NO-1S9P-4S13-O827-48O24O6P7174}\GnfxOne\Gbe Oebjfre.yax,{9E3995AB-1F9C-4F13-B827-48B24B6C7174}\TaskBar\Tor Browser.lnk,REG_BINARY,Software\Microsoft\Windows\CurrentVersion\Explorer\UserAssist\{F4E57C4B-2036-45F0-A9AB-443BCFE33D9F}\Count
{F4E57C4B-2036-45F0-A9AB-443BCFE33D9F},Q:\Fbsgjnerf\Gbe Oebjfre\Gbe Oebjfre.yax,D:\Softwares\Tor Browser\Tor Browser.lnk,REG_BINARY,Software\Microsoft\Windows\CurrentVersion\Explorer\UserAssist\{F4E57C4B-2036-45F0-A9AB-443BCFE33D9F}\Count
{F4E57C4B-2036-45F0-A9AB-443BCFE33D9F},{9R3995NO-1S9P-4S13-O827-48O24O6P7174}\GnfxOne\Ivfhny Cnenqvtz 17.3.yax,{9E3995AB-1F9C-4F13-B827-48B24B6C7174}\TaskBar\Visual Paradigm 17.3.lnk,REG_BINARY,Software\Microsoft\Windows\CurrentVersion\Explorer\UserAssist\{F4E57C4B-2036-45F0-A9AB-443BCFE33D9F}\Count
{F4E57C4B-2036-45F0-A9AB-443BCFE33D9F},P:\Hfref\Choyvp\Qrfxgbc\ZvavGbby Cnegvgvba Jvmneq.yax,C:\Users\Public\Desktop\MiniTool Partition Wizard.lnk,REG_BINARY,Software\Microsoft\Windows\CurrentVersion\Explorer\UserAssist\{F4E57C4B-2036-45F0-A9AB-443BCFE33D9F}\Count
{F4E57C4B-2036-45F0-A9AB-443BCFE33D9F},P:\Hfref\Obff\Qrfxgbc\Fvzcyr Fgvpxl Abgrf.yax,C:\Users\Boss\Desktop\Simple Sticky Notes.lnk,REG_BINARY,Software\Microsoft\Windows\CurrentVersion\Explorer\UserAssist\{F4E57C4B-2036-45F0-A9AB-443BCFE33D9F}\Count
{F4E57C4B-2036-45F0-A9AB-443BCFE33D9F},P:\Hfref\Choyvp\Qrfxgbc\Havgl Uho.yax,C:\Users\Public\Desktop\Unity Hub.lnk,REG_BINARY,Software\Microsoft\Windows\CurrentVersion\Explorer\UserAssist\{F4E57C4B-2036-45F0-A9AB-443BCFE33D9F}\Count
{F4E57C4B-2036-45F0-A9AB-443BCFE33D9F},{0139Q44R-6NSR-49S2-8690-3QNSPNR6SSO8}\Havgl Uho.yax,{0139D44E-6AFE-49F2-8690-3DAFCAE6FFB8}\Unity Hub.lnk,REG_BINARY,Software\Microsoft\Windows\CurrentVersion\Explorer\UserAssist\{F4E57C4B-2036-45F0-A9AB-443BCFE33D9F}\Count
{F4E57C4B-2036-45F0-A9AB-443BCFE33D9F},{0139Q44R-6NSR-49S2-8690-3QNSPNR6SSO8}\JnzcFreire\fgneg JnzcFreire.yax,{0139D44E-6AFE-49F2-8690-3DAFCAE6FFB8}\WampServer\start WampServer.lnk,REG_BINARY,Software\Microsoft\Windows\CurrentVersion\Explorer\UserAssist\{F4E57C4B-2036-45F0-A9AB-443BCFE33D9F}\Count
{F4E57C4B-2036-45F0-A9AB-443BCFE33D9F},{0139Q44R-6NSR-49S2-8690-3QNSPNR6SSO8}\KNZCC\KNZCC Pbageby Cnary.yax,{0139D44E-6AFE-49F2-8690-3DAFCAE6FFB8}\XAMPP\XAMPP Control Panel.lnk,REG_BINARY,Software\Microsoft\Windows\CurrentVersion\Explorer\UserAssist\{F4E57C4B-2036-45F0-A9AB-443BCFE33D9F}\Count
{F4E57C4B-2036-45F0-A9AB-443BCFE33D9F},P:\Hfref\Obff\Qrfxgbc\JnzcFreire.yax,C:\Users\Boss\Desktop\WampServer.lnk,REG_BINARY,Software\Microsoft\Windows\CurrentVersion\Explorer\UserAssist\{F4E57C4B-2036-45F0-A9AB-443BCFE33D9F}\Count
{F4E57C4B-2036-45F0-A9AB-443BCFE33D9F},{0139Q44R-6NSR-49S2-8690-3QNSPNR6SSO8}\CbjreCbvag 2016.yax,{0139D44E-6AFE-49F2-8690-3DAFCAE6FFB8}\PowerPoint 2016.lnk,REG_BINARY,Software\Microsoft\Windows\CurrentVersion\Explorer\UserAssist\{F4E57C4B-2036-45F0-A9AB-443BCFE33D9F}\Count
{F4E57C4B-2036-45F0-A9AB-443BCFE33D9F},{0139Q44R-6NSR-49S2-8690-3QNSPNR6SSO8}\Tbbtyr Puebzr.yax,{0139D44E-6AFE-49F2-8690-3DAFCAE6FFB8}\Google Chrome.lnk,REG_BINARY,Software\Microsoft\Windows\CurrentVersion\Explorer\UserAssist\{F4E57C4B-2036-45F0-A9AB-443BCFE33D9F}\Count
{F4E57C4B-2036-45F0-A9AB-443BCFE33D9F},{0139Q44R-6NSR-49S2-8690-3QNSPNR6SSO8}\Naqebvq Fghqvb\Naqebvq Fghqvb.yax,{0139D44E-6AFE-49F2-8690-3DAFCAE6FFB8}\Android Studio\Android Studio.lnk,REG_BINARY,Software\Microsoft\Windows\CurrentVersion\Explorer\UserAssist\{F4E57C4B-2036-45F0-A9AB-443BCFE33D9F}\Count
{F4E57C4B-2036-45F0-A9AB-443BCFE33D9F},{9R3995NO-1S9P-4S13-O827-48O24O6P7174}\GnfxOne\Naqebvq Fghqvb.yax,{9E3995AB-1F9C-4F13-B827-48B24B6C7174}\TaskBar\Android Studio.lnk,REG_BINARY,Software\Microsoft\Windows\CurrentVersion\Explorer\UserAssist\{F4E57C4B-2036-45F0-A9AB-443BCFE33D9F}\Count
{F4E57C4B-2036-45F0-A9AB-443BCFE33D9F},{0139Q44R-6NSR-49S2-8690-3QNSPNR6SSO8}\Zvpebfbsg FDY Freire 2025\Pbasvthengvba Gbbyf\FDY Freire 2025 Vafgnyyngvba Pragre (64-ovg).yax,{0139D44E-6AFE-49F2-8690-3DAFCAE6FFB8}\Microsoft SQL Server 2025\Configuration Tools\SQL Server 2025 Installation Center (64-bit).lnk,REG_BINARY,Software\Microsoft\Windows\CurrentVersion\Explorer\UserAssist\{F4E57C4B-2036-45F0-A9AB-443BCFE33D9F}\Count
{F4E57C4B-2036-45F0-A9AB-443BCFE33D9F},{0139Q44R-6NSR-49S2-8690-3QNSPNR6SSO8}\Zvpebfbsg FDY Freire Gbbyf 22\FDY Freire Znantrzrag Fghqvb 22.yax,{0139D44E-6AFE-49F2-8690-3DAFCAE6FFB8}\Microsoft SQL Server Tools 22\SQL Server Management Studio 22.lnk,REG_BINARY,Software\Microsoft\Windows\CurrentVersion\Explorer\UserAssist\{F4E57C4B-2036-45F0-A9AB-443BCFE33D9F}\Count
{F4E57C4B-2036-45F0-A9AB-443BCFE33D9F},{9R3995NO-1S9P-4S13-O827-48O24O6P7174}\GnfxOne\FDY Freire Znantrzrag Fghqvb 22.yax,{9E3995AB-1F9C-4F13-B827-48B24B6C7174}\TaskBar\SQL Server Management Studio 22.lnk,REG_BINARY,Software\Microsoft\Windows\CurrentVersion\Explorer\UserAssist\{F4E57C4B-2036-45F0-A9AB-443BCFE33D9F}\Count
{F4E57C4B-2036-45F0-A9AB-443BCFE33D9F},{9R3995NO-1S9P-4S13-O827-48O24O6P7174}\GnfxOne\Mbbz Jbexcynpr.yax,{9E3995AB-1F9C-4F13-B827-48B24B6C7174}\TaskBar\Zoom Workplace.lnk,REG_BINARY,Software\Microsoft\Windows\CurrentVersion\Explorer\UserAssist\{F4E57C4B-2036-45F0-A9AB-443BCFE33D9F}\Count
{F4E57C4B-2036-45F0-A9AB-443BCFE33D9F},{0139Q44R-6NSR-49S2-8690-3QNSPNR6SSO8}\Flfgrz Gbbyf\Gnfx Znantre.yax,{0139D44E-6AFE-49F2-8690-3DAFCAE6FFB8}\System Tools\Task Manager.lnk,REG_BINARY,Software\Microsoft\Windows\CurrentVersion\Explorer\UserAssist\{F4E57C4B-2036-45F0-A9AB-443BCFE33D9F}\Count
{F4E57C4B-2036-45F0-A9AB-443BCFE33D9F},{0139Q44R-6NSR-49S2-8690-3QNSPNR6SSO8}\Clguba 3.14\VQYR (Clguba 3.14 64-ovg).yax,{0139D44E-6AFE-49F2-8690-3DAFCAE6FFB8}\Python 3.14\IDLE (Python 3.14 64-bit).lnk,REG_BINARY,Software\Microsoft\Windows\CurrentVersion\Explorer\UserAssist\{F4E57C4B-2036-45F0-A9AB-443BCFE33D9F}\Count
{F4E57C4B-2036-45F0-A9AB-443BCFE33D9F},{0139Q44R-6NSR-49S2-8690-3QNSPNR6SSO8}\Nqzvavfgengvir Gbbyf\Rirag Ivrjre.yax,{0139D44E-6AFE-49F2-8690-3DAFCAE6FFB8}\Administrative Tools\Event Viewer.lnk,REG_BINARY,Software\Microsoft\Windows\CurrentVersion\Explorer\UserAssist\{F4E57C4B-2036-45F0-A9AB-443BCFE33D9F}\Count
{F4E57C4B-2036-45F0-A9AB-443BCFE33D9F},P:\Hfref\Obff\Qrfxgbc\Mbbz Jbexcynpr.yax,C:\Users\Boss\Desktop\Zoom Workplace.lnk,REG_BINARY,Software\Microsoft\Windows\CurrentVersion\Explorer\UserAssist\{F4E57C4B-2036-45F0-A9AB-443BCFE33D9F}\Count
{F4E57C4B-2036-45F0-A9AB-443BCFE33D9F},{0139Q44R-6NSR-49S2-8690-3QNSPNR6SSO8}\Benpyr IveghnyObk\Benpyr IveghnyObk.yax,{0139D44E-6AFE-49F2-8690-3DAFCAE6FFB8}\Oracle VirtualBox\Oracle VirtualBox.lnk,REG_BINARY,Software\Microsoft\Windows\CurrentVersion\Explorer\UserAssist\{F4E57C4B-2036-45F0-A9AB-443BCFE33D9F}\Count
{F4E57C4B-2036-45F0-A9AB-443BCFE33D9F},{0139Q44R-6NSR-49S2-8690-3QNSPNR6SSO8}\IZjner\IZjner Jbexfgngvba Ceb.yax,{0139D44E-6AFE-49F2-8690-3DAFCAE6FFB8}\VMware\VMware Workstation Pro.lnk,REG_BINARY,Software\Microsoft\Windows\CurrentVersion\Explorer\UserAssist\{F4E57C4B-2036-45F0-A9AB-443BCFE33D9F}\Count
{F4E57C4B-2036-45F0-A9AB-443BCFE33D9F},P:\Hfref\Choyvp\Qrfxgbc\IZjner Jbexfgngvba Ceb.yax,C:\Users\Public\Desktop\VMware Workstation Pro.lnk,REG_BINARY,Software\Microsoft\Windows\CurrentVersion\Explorer\UserAssist\{F4E57C4B-2036-45F0-A9AB-443BCFE33D9F}\Count
{F4E57C4B-2036-45F0-A9AB-443BCFE33D9F},{9R3995NO-1S9P-4S13-O827-48O24O6P7174}\GnfxOne\Ertvfgel Rkcybere.yax,{9E3995AB-1F9C-4F13-B827-48B24B6C7174}\TaskBar\Registry Explorer.lnk,REG_BINARY,Software\Microsoft\Windows\CurrentVersion\Explorer\UserAssist\{F4E57C4B-2036-45F0-A9AB-443BCFE33D9F}\Count
{F4E57C4B-2036-45F0-A9AB-443BCFE33D9F},{0139Q44R-6NSR-49S2-8690-3QNSPNR6SSO8}\Jverfunex.yax,{0139D44E-6AFE-49F2-8690-3DAFCAE6FFB8}\Wireshark.lnk,REG_BINARY,Software\Microsoft\Windows\CurrentVersion\Explorer\UserAssist\{F4E57C4B-2036-45F0-A9AB-443BCFE33D9F}\Count
{F4E57C4B-2036-45F0-A9AB-443BCFE33D9F},{0139Q44R-6NSR-49S2-8690-3QNSPNR6SSO8}\Zvpebfbsg Rqtr.yax,{0139D44E-6AFE-49F2-8690-3DAFCAE6FFB8}\Microsoft Edge.lnk,REG_BINARY,Software\Microsoft\Windows\CurrentVersion\Explorer\UserAssist\{F4E57C4B-2036-45F0-A9AB-443BCFE33D9F}\Count
{F4E57C4B-2036-45F0-A9AB-443BCFE33D9F},{0139Q44R-6NSR-49S2-8690-3QNSPNR6SSO8}\Nhgbcfl\Nhgbcfl 4.23.1.yax,{0139D44E-6AFE-49F2-8690-3DAFCAE6FFB8}\Autopsy\Autopsy 4.23.1.lnk,REG_BINARY,Software\Microsoft\Windows\CurrentVersion\Explorer\UserAssist\{F4E57C4B-2036-45F0-A9AB-443BCFE33D9F}\Count
{F4E57C4B-2036-45F0-A9AB-443BCFE33D9F},P:\Hfref\Choyvp\Qrfxgbc\Nhgbcfl 4.23.1.yax,C:\Users\Public\Desktop\Autopsy 4.23.1.lnk,REG_BINARY,Software\Microsoft\Windows\CurrentVersion\Explorer\UserAssist\{F4E57C4B-2036-45F0-A9AB-443BCFE33D9F}\Count
{FA99DFC7-6AC2-453A-A5E2-5E2AFF4507BD},HRZR_PGYFRFFVBA,UEME_CTLSESSION,REG_BINARY,Software\Microsoft\Windows\CurrentVersion\Explorer\UserAssist\{FA99DFC7-6AC2-453A-A5E2-5E2AFF4507BD}\Count
